stop_id,stop_name,stop_lat,stop_long
4,Torino Rossetto,45.479931,12.25043
5,Torino Universita',45.478153000000006,12.253673
7,Paganello Ticozzi,45.477299,12.250316
8,Ca' Marcello Rossetto,45.479019,12.246115
9,Ca' Marcello Cappuccina,45.482002,12.236453
10,Gozzi Cappuccina,45.484623,12.237791
11,Corso del Popolo Torino,45.484413,12.241175
12,Corso del Popolo Milano,45.487559999999995,12.242878999999999
13,Corso del Popolo Mestrina,45.490372,12.244611
16,Stra Fossolovara,45.41114,12.005071000000001
17,Castellana Santa Chiara,45.498684000000004,12.23157
18,Carducci Pascoli,45.490944,12.239929
24,Trento Fagare',45.483643,12.228148
25,Trento Podgora,45.487045,12.224774
26,Trento Gazzera Alta,45.489967,12.223633
27,Olmo Vittorio Veneto,45.518951,12.191181
28,Gatta Santa Lucia,45.535090999999994,12.207755
29,Miranese Avanti,45.484715,12.194215
30,Miranese Ivancich,45.484898,12.197292
31,Miranese Pergine,45.485003999999996,12.203161
32,Miranese Piemonte,45.485031,12.207925999999999
33,Miranese Lazio,45.485405,12.212161
34,Miranese Calucci,45.485615,12.214992
35,Miranese Giustizia,45.486336,12.221045
36,Miranese Monteverdi,45.490688,12.226445
37,Miranese Vivaldi,45.492226,12.230203
38,Carducci Felisati,45.491508,12.237906
39,Piave Puccini,45.490902,12.235617999999999
40,Piave Fiume,45.487083,12.234321000000001
42,Piave Podgora,45.484778999999996,12.233228
43,Brendole,45.499534999999995,12.21348
44,Brendole Stignano,45.499214,12.214763
45,Brendole Promontore,45.498875,12.218212
46,Brendole Arsa,45.496555,12.21927
48,Asseggiano Da Todi,45.496693,12.185061
49,Asseggiano Euganea,45.495415,12.190178999999999
50,Asseggiano Marzabotto,45.494133000000005,12.195601
51,Asseggiano Pendini,45.493317,12.201032000000001
52,Asseggiano Volta,45.492882,12.207755
53,Asseggiano Morin,45.493092,12.213739
54,Asseggiano Pirano,45.495014000000005,12.217248
55,Gazzera Alta Volpi,45.494244,12.219485
56,Quarnaro Calucci,45.492317,12.218108
57,Calucci Lussingrande,45.488964,12.216741
58,Calucci Cimetto,45.486145,12.216175999999999
59,Ca' Lin Castellana,45.529861,12.187586
60,Ca' Lin Pitagora,45.532616,12.190147
61,Ca' Lin Gatta,45.536884,12.191158
62,Maerne Mulino,45.530471999999996,12.152471
63,Gatta Protagora,45.537434000000005,12.195347
64,GATTA IMMACOLATA,45.536777,12.203075
65,Gatta Santa Lucia,45.534878000000006,12.207645
66,GATTA 90,45.534451000000004,12.213433
67,Gatta Scaramuzza,45.533829,12.218739999999999
68,Gatta Scarante,45.533844,12.22349
69,Gatta Verci,45.53302,12.229085000000001
70,Gatta Pisacane,45.535439000000004,12.235843
72,Terraglio Gatta,45.535069,12.239353
73,Terraglio Nigra,45.531178000000004,12.239065
74,Terraglio Ca' Sagredo,45.527187,12.238905
75,Terraglio Favorita,45.525158000000005,12.238755000000001
76,Terraglio Terraglietto,45.518271999999996,12.238475
77,Terraglio Villa Salus,45.512653,12.238397
78,Terraglio Borgo Pezzana,45.508953000000005,12.23829
79,Terraglio Peschiera,45.505276,12.238008
80,Terraglio Teano,45.501915000000004,12.237705
81,Einaudi Castelvecchio,45.496521,12.238945
82,Belfredo Terraglio,45.497871,12.238764
83,Martellago Delle Motte,45.542355,12.15425
84,San Rocco Bruno,45.495521999999994,12.242358
86,Mattuglie Dignano,45.490798999999996,12.215764
87,Martellago Pree,45.53817,12.175745
88,Trivignano Park P14,45.534657,12.180373
89,Trivignano Botticelli,45.532768,12.182796000000002
90,Trivignano Ca' Lin,45.529789,12.18701
91,Trivignano centro,45.527706,12.189939
92,Trivignano Gozzoli,45.525539,12.192647000000001
93,Trivignano Lotto,45.523518,12.196058
94,Zelarino Parolari,45.517891,12.202751
95,Zelarino Municipio,45.514671,12.208453
96,Zelarino Chiesa,45.512878,12.211243
97,Zelarino Carpaccio,45.511192,12.21401
98,Castellana Marzenego,45.507244,12.217476
99,Castellana Bellotto,45.503277000000004,12.221347
100,Circonvalazione Castellan,45.497608,12.236824
101,Castellana Cipressina,45.500145,12.226766
102,Martellago Fornace,45.540985,12.171627
104,Circonvallazione Olimpia,45.495022,12.236191999999999
105,Zelarino Munaretto,45.514469,12.208909
106,Mogliano Marocchesa,45.537338,12.239683
107,Mogliano Marignana,45.542118,12.236774
108,Mogliano Rimini,45.549122,12.234721
109,Mogliano Ronzinella,45.554221999999996,12.234392
110,Gaggio Vivaldi,45.552440999999995,12.311153
112,San Liberale Nievo,45.548645,12.339005
113,Marcon Stadio,45.55624,12.304235
114,Marcon Perosi,45.557995,12.309349000000001
116,Einaudi Castelvecchio,45.496338,12.240108
117,Camporese Gritti,45.488987,12.268089
119,Miranese Piave,45.492129999999996,12.235237
121,Orlanda Pinerolo,45.500999,12.322989999999999
122,Mazzocco,45.553024,12.267611
123,Favignana,45.502522,12.211166
124,Brendole Favignana,45.502518,12.210953
127,Marcon Cultura,45.555752000000005,12.298777000000001
128,Marcon Oberdan,45.559731,12.298864
129,Marcon Cooperazione,45.565342,12.302382000000001
130,Marcon Marmolada,45.563190000000006,12.299064
131,Marcon Municipio,45.554283,12.299557
133,Marcon Lombardi,45.545567,12.307367999999999
134,Marcon Mattei,45.543839,12.303542
135,San Liberale,45.548214,12.34194
139,Gaggio Cimitero,45.553608000000004,12.318754
140,Gaggio,45.552032000000004,12.316423
141,Gaggio Fermi,45.551990999999994,12.313752000000001
142,MESTRE CENTRO B2,45.493076,12.245869
143,Marcon della Stazione,45.548626,12.308995
144,Asseggiano Volta,45.492569,12.208012
150,Malcontenta Iseo,45.442852,12.196785
151,Cavergnago Mosto,45.49324,12.271802000000001
152,Cavergnago Mosto,45.493297999999996,12.271241999999999
153,Cavergnago Mutinelli,45.490932,12.276073
154,Cavergnago Mutinelli,45.490681,12.276133
156,Mattuglie Perlan,45.491013,12.212483
157,Mattuglie Perlan,45.490734,12.212386
160,Pasqualigo Martiri,45.508967999999996,12.262542
162,Stazione MESTRE FS C4,45.482601,12.233198
163,Stazione MESTRE FS C5,45.482433,12.233161
164,Stazione MESTRE FS C3,45.482586,12.232522
167,27 Ottobre D4,45.491863,12.245983
168,27 Ottobre D3,45.492413,12.244813
169,27 Ottobre D2,45.492542,12.244492999999999
171,Forte Marghera Gerlin,45.488651000000004,12.249959
172,Forte Marghera Hermada,45.484932,12.253404
173,Forte Marghera Millosevic,45.48307,12.255144
174,Forte Marghera Moretti,45.481429999999996,12.256691
175,Forte Marghera Aretusa,45.479122,12.260207000000001
176,Orlanda San Giuliano,45.475421999999995,12.26806
177,Orlanda Appia,45.479884999999996,12.270828999999999
178,Orlanda Cavergnago,45.483376,12.278289
179,Orlanda Sabbadino,45.484367,12.28272
180,Orlanda Bagaron,45.485554,12.28824
181,Orlanda Tiburtina,45.486603,12.293935000000001
182,Orlanda Casilina,45.488857,12.301525
183,Orlanda Don Vecchi,45.490536,12.304314
184,Orlanda Centro Ippico,45.494343,12.31183
185,ORLANDA 200,45.497051,12.316491000000001
186,Orlanda Piovega,45.499294,12.320244
187,Gatta Pisacane,45.535511,12.235906
188,Triestina Tessera,45.503696000000005,12.327225
189,Galilei Darsena,45.503143,12.335894
190,Calabria campi Sportivi,45.489296,12.210111999999999
191,Calabria campi Sportivi,45.489571000000005,12.210626
192,Triestina Zorzi,45.508259,12.335155
193,Triestina Zuliani,45.511897999999995,12.343383
194,Triestina Laguna,45.51247,12.348557000000001
195,TRIESTINA AERONAVALI,45.513531,12.351686
196,Triestina Paliaghetta,45.516899,12.354687
197,Paliaga Ca' Noghera,45.52095,12.358323
198,Triestina Scuole,45.503681,12.324735
199,TRIESTINA FORTE ROSSAROL,45.504055,12.319596
200,Triestina Torre,45.504864000000005,12.310163000000001
201,Triestina Piovega,45.5042,12.30305
202,Triestina Lazzaretto,45.503696000000005,12.294913000000001
204,Triestina Prabello,45.505157000000004,12.289067999999999
206,Gobbi Vallenari,45.501698,12.284450999999999
207,Gobbi Don Bosco,45.497875,12.286176
208,Gobbi Ca' Dolfin,45.496063,12.287719000000001
209,Gobbi Mandarini,45.494068,12.291313
210,Gobbi Mirtilli,45.492268,12.293742
211,Gobbi Orlanda,45.487289000000004,12.295307000000001
212,Passo Campalto Orlanda,45.486137,12.295641
214,Sabbadino Passo Campalto,45.483051,12.296244
215,Sabbadino Bagaron,45.482067,12.291792999999998
216,Sabbadino  Laguna,45.482071000000005,12.287382000000001
218,Zendrini Villaggio Laguna,45.479931,12.289821
219,Cortivo Zendrini,45.479431,12.289759
220,Cortivo Tombelle,45.480263,12.284877999999999
221,Altinia Berizzi,45.537552000000005,12.299825
222,Dese FS,45.537459999999996,12.302055000000001
223,Dese Cicogne,45.531971,12.303214
224,Dese centro,45.528664,12.304158000000001
225,Dese Litomarino,45.526203,12.303631
226,ALTINIA 181,45.526127,12.297716000000001
227,Altinia Forte Cosenz,45.522236,12.288418
228,Altinia Ca' Badoera,45.516411,12.284142
229,Altinia Ca' Rezzonico,45.514206,12.283265
230,Altinia Ca' Solaro,45.511696,12.283088000000001
231,Altinia Indri,45.509968,12.282542
232,Altinia San Pietro,45.507866,12.282355
233,Altinia Favaro Municipio,45.505424,12.282474
240,Stazione Padova,45.416622,11.883815
241,San Dona' Falzarego,45.504238,12.254389
242,Garibaldi  Carpenedo,45.504993,12.250504
243,Garibaldi Ognissanti,45.499371000000004,12.246522
244,Garibaldi Giardini,45.50285,12.248999000000001
246,Garibaldi Municipio,45.496811,12.244771
256,Padova Fiera,45.413559,11.889348
257,Pertini Vespucci,45.482018,12.267743
258,Pertini Gavagnin,45.483471,12.267151
259,Pertini Chiesa,45.485882000000004,12.270344999999999
260,Trezzo Terraglio,45.507256,12.240024
261,Cavergnago Taliercio,45.489136,12.279075
264,Bissuola Varrone,45.493198,12.266067999999999
265,Bissuola Esiodo,45.493904,12.264255
267,Casona Marziale,45.497303,12.265393
268,Casona Bissuola,45.495296,12.263734
269,Bissuola Tevere,45.493815999999995,12.260492
270,Bissuola Cadorna,45.493782,12.256713000000001
271,Bissuola Pisani,45.494949,12.253036
272,Bissuola Colombo,45.495281,12.249742
277,De Nicola Chiesa,45.509190000000004,12.257257000000001
280,Padova Fiera,45.413315000000004,11.889192
283,Don Sturzo Vallon,45.508549,12.255608
284,Don Sturzo Pasqualigo,45.507416,12.261147
285,Pasqualigo Monte Rua,45.505989,12.261077
286,Vespucci San Giuseppe,45.480083,12.266906
287,Vespucci Boerio,45.483536,12.262694999999999
288,Vespucci Gritti,45.486446,12.25928
289,Vespucci Cattaneo,45.490565999999994,12.254661
290,Vespucci Pigafetta,45.493801,12.25226
291,Vespucci Garigliano,45.495819,12.251128
292,Fradeletto Cecchini,45.497864,12.247752
293,Sansovino Vespucci,45.486992,12.256321
294,Crea,45.482426000000004,12.140841
296,Fornase Perugia,45.477798,12.157886
297,Matteotti Cimitero,45.481056,12.161246
301,Spinea Piazza Marconi,45.489651,12.167313
303,27 Ottobre D5,45.491188,12.246137
304,Spinea Centro,45.490738,12.167497000000001
305,Spinea Sanremo,45.495056,12.158163
306,Spinea Orgnano,45.496173999999996,12.152588
308,Spinea Desenzano,45.489182,12.14873
311,Spinea Villaggio Fiori,45.491581,12.152813
312,Spinea Giorgione,45.487137,12.179151
313,Miranese Selenia,45.485882000000004,12.181724
314,Miranese San Giorgio,45.484703,12.188897
315,Trieste Miranese,45.48333,12.192976
316,Trieste Robinie,45.477478000000005,12.199181
317,Bottenigo Capolinea,45.460232,12.218834
318,Villabona Bottenigo,45.474289,12.201015
319,Villabona  87,45.473358000000005,12.200164
320,Villabona Pioppi,45.474152000000004,12.196635
321,Villabona Morari,45.473423,12.195257000000002
322,Villabona Ontani,45.472729,12.192331
323,San Dona' Cervino,45.502594,12.274478
324,Salici Villabona,45.473358000000005,12.188519
325,Liberta' Commercio,45.47868,12.243048
326,Trieste Catene,45.477447999999995,12.203135000000001
327,Trieste Parco,45.477348,12.20542
328,Trieste Mazzorbo,45.476997,12.211821
329,Trieste Eraclea,45.476959,12.216318
330,Calvi Parmesan,45.478024,12.219415
331,Paolucci Longhena,45.480152000000004,12.223355
333,Durando Bellinato,45.478542,12.231611000000001
334,Rizzardi Carrer,45.479504,12.231116
335,Marghera Salamonio,45.466187,12.214821
337,San Dona' Cervino,45.502438,12.274787
338,Pasini Fratellanza,45.462165999999996,12.221426
339,Pasini Lavoratore,45.464256,12.222666
340,Beccaria Correnti,45.466217,12.222899
348,Calucci Quarnaro,45.492340000000006,12.218749
349,Paleocapa Parmesan,45.477112,12.219864999999999
350,Beccaria Parmesan,45.476177,12.21894
351,Beccaria Canetti,45.474289,12.219305
352,Beccaria Oroboni,45.471676,12.220201
353,Beccaria Chiesa,45.469498,12.221297
354,San Dona' Rielta,45.502827,12.271395
359,Olmo Giovanni XXIII,45.517395,12.18642
360,Olmo Minzoni,45.518741999999996,12.181866000000001
361,Olmo Papa Luciani,45.519531,12.177216
362,Olmo Calvi,45.52047,12.172748
363,Maerne Cimitero,45.522057000000004,12.165795
364,Maerne Tasso,45.523148,12.162560000000001
365,Maerne Chiesa,45.523884,12.158188
366,Maerne Isonzo,45.526821000000005,12.157088
367,San Dona' Rielta,45.502476,12.271339999999999
368,Spinea Rossignago,45.493103000000005,12.161488
369,Gobbi San Dona',45.504295,12.282751
370,Martellago,45.543797,12.16242
371,Preganziol FS,45.604115,12.23175
372,Martellago Trento,45.543842,12.167463
373,Martellago Verdi,45.545769,12.162215
374,Martellago Vittoria,45.546864,12.157206
375,Cavalcavia Vempa,45.482101,12.237834
376,Trezzo Terraglio,45.50708,12.239842999999999
380,Liberta' Fincantieri,45.475475,12.251347
381,Liberta' Porto Marghera,45.470852,12.259122999999999
382,Liberta' Righi,45.469772,12.26431
384,Mestre Centro B1,45.493328000000005,12.245417999999999
392,Liberta' Santa Chiara,45.440727,12.315589
394,Tronchetto Mercato,45.443267999999996,12.307403
396,Tronchetto Tronchetto Fer,45.438972,12.304383
397,Bandiera Durando,45.477398,12.232248
398,Monte Cervino San Dona',45.502781,12.274645
399,Bandiera Cantore,45.47274,12.229663
401,Bandiera Tommaseo,45.468258,12.227089
402,Bandiera Ghega,45.464687,12.224942
404,Bandiera Cruto,45.461586,12.223125
405,Ancona Torino,45.48185,12.248132
406,Ancona Torino,45.481739000000005,12.248353999999999
407,Ancona Carbonifera,45.484322,12.250699000000001
408,Ancona Carbonifera,45.48423,12.250867999999999
414,Padana Colombara,45.456512,12.217882000000001
415,Malcontenta Padana,45.451042,12.213978
417,Malcontenta Chimica,45.445923,12.211212
419,Malcontenta Chiesa,45.437775,12.20547
420,Capolinea Fusina,45.41938,12.256454
421,Moranzani Elettronica,45.424934,12.247364
422,Moranzani Conca,45.427933,12.240947
426,Malcontenta Fimon,45.439289,12.200235000000001
427,Malcontenta Iseo,45.44257,12.197197000000001
428,Ca' Brentelle,45.446739,12.196758
429,Malcontenta Erba,45.44627,12.194299
430,Ca' Sabbioni Piva,45.457775,12.185707
431,Ca' Sabbioni Marcuzzo,45.457962,12.181393
432,Capolinea Ca' Sabbioni,45.456276,12.185546
434,Ca' Sabbioni Zorzi,45.457184000000005,12.18057
435,Ca' Sabbioni Padana,45.453644,12.179528999999999
436,Padana Civico 338,45.451553000000004,12.183302000000001
437,Padana Stazione,45.448528,12.193416000000001
438,Padana delle Trote,45.448776,12.199114999999999
439,Padana del Luccio,45.449226,12.203074
442,dell' Elettronica Silos,45.434235,12.217047
450,Chimica Meccanica,45.444117999999996,12.215211
451,Chimica Ingresso 4,45.446509999999996,12.226057
452,Chimica Ingresso 5,45.448643,12.232925
453,Chimica Ingresso 7,45.448776,12.236868
454,Chimica Ingresso 8,45.445358,12.244991
456,Bottenigo Bottenigo,45.460541,12.218867999999999
457,Bottenigo Mandorli,45.476653999999996,12.201261
458,MESTRE CENTRO B4,45.493156,12.246099000000001
461,San Nicolo' Chiesa,45.428486,12.380626
463,Ca' Bianca La Fontaine,45.389148999999996,12.351607000000001
464,Malamocco Beato,45.368614,12.33686
473,Ca' Sabbioni Cosmai,45.456589,12.182996000000001
474,Trieste Bosco,45.477219,12.209056
476,Vespucci Ca' Rossa,45.497021000000004,12.250053999999999
479,Peron Saragat,45.515244,12.231544
481,Peron Saragat,45.515223999999996,12.231278
482,Peron Baseggio,45.51733,12.231672
483,Peron Baseggio,45.517769,12.231398
485,Altinia Ca' Rezzonico,45.514709,12.283532000000001
489,Fornase,45.477074,12.16002
490,Fornase Fornase,45.477356,12.160055
501,VENEZIA,45.438164,12.318434
503,VENEZIA,45.437740000000005,12.318321000000001
505,VENEZIA,45.43784,12.319075999999999
506,VENEZIA,45.438255,12.319207
507,VENEZIA,45.438248,12.319139
508,VENEZIA,45.438255,12.319068
509,VENEZIA,45.438259,12.318982
510,VENEZIA,45.438259,12.31891
511,VENEZIA,45.438263,12.318850999999999
512,VENEZIA,45.438266999999996,12.31878
514,VENEZIA,45.437824,12.319189999999999
515,VENEZIA,45.437893,12.318942999999999
516,VENEZIA,45.437870000000004,12.319024
517,VENEZIA,45.43792,12.318844
527,San Pietro Pennello 2,45.325409,12.32141
528,San Pietro Pennello 2,45.326397,12.32215
540,Noale Dei Novale,45.549965,12.076958
544,San Dona' Pergola,45.50312,12.267841
546,Cavarzere,45.13232,12.081796
547,Cavanis Capolinea,45.482269,12.202824
548,Visinoni Comboni,45.508511,12.208772
549,Visinoni Comboni,45.509361,12.209953
550,Visinoni Politi,45.511433000000004,12.211310000000001
551,Visinoni Politi,45.511471,12.21102
552,Madonna Marina Cimitero,45.203392,12.288547
553,Sottomarina Da Verrazzano,45.202659999999995,12.293414
554,Sottomarina Calliope,45.204102,12.29446
556,Noale Moro,45.54504,12.070506
557,Noale Moro,45.54493,12.070262
558,Noale Ospedale,45.552788,12.074696000000001
559,Noale Ospedale,45.552532,12.07461
563,Dolo Scuole,45.429446999999996,12.085933
564,Padova Ospedale,45.40443,11.887303999999999
565,Padova Ospedale,45.404526000000004,11.887412
566,Padova Gozzi,45.410606,11.882703
567,Padova Gozzi,45.411858,11.882475999999999
575,Dolo Bandiera,45.427425,12.092207
576,Dolo Bandiera,45.427372,12.092373
587,Trieste Stazione FS,45.147671,12.084365
588,Trieste Stazione FS,45.147278,12.084515
590,delle Messi Bissuola,45.494823,12.26796
592,Mira Ponte delle Porte,45.437008,12.141612
594,Salzano Oddo Stocco,45.520779,12.110994999999999
595,Lungomare Umbria,45.212421,12.295135
597,Sernaglia Dante,45.484398,12.236181
598,Perarolo Danzica,45.423588,11.977897
602,Mirano Mariutto,45.495628,12.113461000000001
608,San Liberale Morante,45.550186,12.334412
609,San Liberale Morante,45.550491,12.333692999999998
611,Giovannacci Ulloa,45.479134,12.229341999999999
612,Stazione MESTRE FS C1,45.482079,12.234669
613,Favretti MESTRE FS C2,45.482021,12.234631
614,27 Ottobre D6,45.491108000000004,12.246253999999999
615,Carducci Pascoli,45.491093,12.239982000000001
616,MESTRE CENTRO B3,45.493553000000006,12.246008
617,Bottenigo Bottenigo,45.46067,12.219049
620,Marghera Arduino,45.459454,12.212659
621,Bottenigo Pinton,45.46204,12.215501
622,Bottenigo Pinton,45.461861,12.214903999999999
623,Ca' Lin Castellana,45.529728000000006,12.187389999999999
629,MESTRE CENTRO B5,45.493824,12.245619
630,Azoto Sottana,45.465477,12.238401
632,Terminal Ro-Port,45.426860999999995,12.247721
633,Correnti Capolinea,45.465832,12.222430000000001
637,Deposito della Fisica,45.446365,12.207115
638,Deposito della Fisica,45.445965,12.206977
640,Marsala Centro Don Vecchi,45.521137,12.229685
641,Spinea San Remo,45.495674,12.156374000000001
642,Murano Distretto Sanitari,45.491623,12.155826
646,MESTRE CENTRO B7,45.493332,12.246082000000001
649,Dolo Ca' Tron,45.427074,12.086655
651,Dolo Ca' Tron,45.426838000000004,12.086803
652,Mirano Sport,45.494877,12.095137
655,Salzano FS,45.533493,12.110739
656,Salzano FS,45.533592,12.110635
657,Preganziol Fratelli Cervi,45.60603,12.2359
658,Preganziol Fratelli Cervi,45.605782,12.2357
660,Preganziol Albrizzi,45.62833,12.239410000000001
661,Treviso Pindemonte,45.645802,12.24156
662,Treviso Pindemonte,45.645802,12.24137
663,Treviso Loredan,45.654121,12.243269999999999
664,Treviso Loredan,45.654499,12.243333
665,Treviso FS,45.660358,12.245558
666,Treviso FS,45.660957,12.245749
667,Preganziol Gabbin,45.601334,12.235251
671,Preganziol  Bandiera,45.633812,12.23991
672,Preganziol Bandiera,45.633961,12.240131
673,Mestre Asseggiano,45.4973861949404,12.1823332802112
674,Mogliano Zermanesa,45.560759999999995,12.245408
680,Ca' Solaro Osoppo,45.514751000000004,12.271859
681,Ca' Solaro Osoppo,45.514477,12.272152
682,CA SOLARO PASQUALIGO,45.515888000000004,12.268726
683,Ca' Solaro Pasqualigo,45.515747,12.268243
684,Vallon Borgoforte,45.520222,12.257143
688,Vallon Forte Carpenedo,45.513329,12.255874
689,Vallon Forte Carpenedo,45.513714,12.256566000000001
690,Pascqualigo Ortisei,45.510838,12.265391000000001
692,Monte Celo FAVARO,45.505863,12.291428999999999
698,Noale De Pol,45.558121,12.072485
702,Ca' Solaro Chiesa,45.523026,12.267292999999999
704,Ca' Solaro,45.520664000000004,12.267488
705,Vallon Valdemare,45.518433,12.256919
706,Vallon Valdemare,45.518463,12.257163
707,Vallon De Nicola,45.510585999999996,12.255203
708,Vallon De Nicola,45.510651,12.25544
709,Ca' Solaro Ca' Rezzonico,45.512512,12.279159
710,Ca' Solaro Ca' Rezzonico,45.512287,12.278955
712,Ca' Noghera Casino',45.520622,12.357888
715,Casino',45.520874,12.358127
723,Park Petroli,45.465278999999995,12.266789
737,Scorze' Scandolara,45.609982,12.112169999999999
741,Marcon Vittoria,45.564762,12.305209
742,Marcon Vittoria,45.565033,12.305697
744,Stigliano,45.525051,12.048305000000001
745,Marcon Repubblica,45.554367,12.294777
746,Marcon Repubblica,45.554604,12.29428
752,Tito Selvanese,45.513565,12.202409
753,Tito Selvanese,45.513527,12.202624
768,Fittizia,45.416962,12.368303
769,Fittizia,45.417159999999996,12.36842
771,Vigonovo Mazzini,45.389236,12.002416
772,Vigonovo Galilei,45.393089,11.992607000000001
773,Vigonovo Galilei,45.393021000000005,11.992444
1004,Torino Rossetto,45.48045,12.250155
1005,Torino Universita',45.478745,12.253214999999999
1007,Paganello Ticozzi,45.4771,12.250582000000001
1008,Ca' Marcello Rossetto,45.478771,12.246408
1009,Ca' Marcello Cappuccina,45.481685999999996,12.23745
1011,Corso del Popolo Torino,45.484406,12.240851
1012,Corso del Popolo Milano,45.487572,12.242548
1013,Corso del Popolo Mestrina,45.490402,12.24434
1017,Castellana Santa Chiara,45.498108,12.232547
1023,Cappuccina Sernaglia,45.483387,12.236174
1024,Trento Fagare',45.483765000000005,12.227965
1025,Trento Podgora,45.487171000000004,12.224797
1026,Trento Gazzera Alta,45.489917999999996,12.223828999999999
1027,Olmo Vittorio Veneto,45.519042999999996,12.191508
1029,Miranese Avanti,45.484634,12.194906
1030,Miranese Ivancich,45.484715,12.198080000000001
1031,Miranese Pergine,45.484879,12.203424
1032,Miranese Piemonte,45.484951,12.208591
1033,Miranese Lazio,45.485245,12.212564
1034,Miranese Calucci,45.485565,12.217080000000001
1035,Miranese Giustizia,45.485977,12.220436
1036,Miranese Monteverdi,45.490574,12.226953
1037,Miranese Vivaldi,45.492195,12.230649
1039,Piave Puccini,45.491222,12.23554
1041,Piave Fiume,45.487812,12.234283999999999
1042,Piave Podgora,45.484528000000005,12.232892
1045,Brendole Promontore,45.498634,12.218391
1046,Brendole Arsa,45.496414,12.218858
1047,Asseggiano Chiesa,45.497391,12.182811000000001
1048,Asseggiano Da Todi,45.496390999999996,12.18558
1049,Asseggiano Euganea,45.495205,12.190536
1050,Asseggiano Marzabotto,45.493912,12.195908
1052,Asseggiano Volta,45.492748,12.206956
1053,Asseggiano Morin,45.493046,12.214119
1054,Asseggiano Pirano,45.494484,12.216845
1055,Gazzera Alta Chiesa,45.494803999999995,12.21825
1060,Ca' Lin Pitagora,45.532757000000004,12.190114
1061,Ca' Lin Gatta,45.536583,12.191025
1062,Maerne Mulino,45.530563,12.15199
1063,Gatta Protagora,45.537502,12.195558
1065,Gatta Santa Lucia,45.534924,12.207728
1066,GATTA 90,45.534519,12.213288
1067,Gatta Scaramuzza,45.533882,12.218638
1068,Gatta Scarante,45.533882,12.223372
1069,Gatta Verci,45.533146,12.228958
1072,Terraglio Gatta,45.535381,12.239241
1073,Terraglio Nigra,45.530621000000004,12.238914999999999
1074,Terraglio Ca' Sagredo,45.526596000000005,12.238677000000001
1075,Terraglio Favorita,45.52425,12.238535
1076,Terraglio Terraglietto,45.518085,12.238259
1077,Terraglio Villa Salus,45.513634,12.23807
1078,Terraglio Borgo Pezzana,45.50843,12.238123
1079,Terraglio Peschiera,45.505127,12.237791
1080,Terraglio Teano,45.50185,12.237491
1083,Martellago Delle Motte,45.542233,12.154095
1084,San Rocco Bruno,45.495457,12.24216
1086,Mattuglie Dignano,45.490673,12.214934
1087,Martellago Pree,45.538326,12.175371
1088,Trivignano Park P14,45.534477,12.180091000000001
1089,Trivignano Botticelli,45.53302,12.182327
1090,Trivignano Park B,45.52837,12.189119
1091,Trivignano Centro,45.527245,12.190022
1092,Trivignano Gozzoli,45.525253,12.192817
1093,Trivignano Lotto,45.523041,12.196280999999999
1094,Zelarino Parolari,45.517685,12.202957000000001
1095,Zelarino Municipio,45.514652000000005,12.208177000000001
1096,Zelarino Chiesa,45.512611,12.211345
1097,Zelarino Carpaccio,45.510914,12.214053999999999
1098,Castellana Marzenego,45.506756,12.217998
1099,Castellana Bellotto,45.503155,12.221167
1100,Castellana Piazzetta,45.500782,12.225597
1101,Castellana Cipressina,45.499443,12.227613999999999
1102,Martellago Fornace,45.540813,12.171749
1103,Circonvallazione Olimpia,45.495914,12.235816
1110,Gaggio Vivaldi,45.55238,12.310728
1112,San Liberale Nievo,45.548805,12.338846
1113,Marcon Stadio,45.556049,12.304468
1114,Marcon Perosi,45.557934,12.309132
1118,Mogliano Liceo,45.557784999999996,12.244257000000001
1121,Orlanda Pinerolo,45.500954,12.322621
1122,Mazzocco,45.553290999999994,12.267603999999999
1127,Marcon  Cultura,45.555797999999996,12.298608999999999
1128,Marcon Oberdan,45.559689,12.298708
1130,Marcon Marmolada,45.563,12.298902
1131,Marcon Municipio,45.554241,12.299228
1133,Marcon Altinia,45.543171,12.304363
1139,Gaggio Cimitero,45.553787,12.318586
1140,Gaggio,45.552181,12.316322
1141,Gaggio Fermi,45.552124,12.314172
1142,Marcon Mattei,45.547321000000004,12.306564999999999
1143,Marcon della Stazione,45.548691,12.308850999999999
1150,Pertini Foscari,45.490726,12.269732000000001
1151,Chioggia Naccari,45.216148,12.273759
1160,Pasqualigo Martiri,45.508911,12.262359
1171,Forte Marghera Gerlin,45.488258,12.25005
1172,Forte Marghera Hermada,45.484634,12.25342
1173,Forte Marghera Millosevic,45.482754,12.255230000000001
1174,Forte Marghera Moretti,45.481213000000004,12.256661
1175,Forte Marghera Aretusa,45.478943,12.260188000000001
1177,Orlanda Appia,45.479942,12.270513000000001
1178,Orlanda Cavergnago,45.483471,12.277644
1179,Orlanda Sabbadino,45.484581,12.283087
1180,Orlanda Bagaron,45.485611,12.287866000000001
1181,Orlanda Tiburtina,45.486565,12.293071000000001
1182,Orlanda Casilina,45.488728,12.300962
1183,Orlanda Don Vecchi,45.490425,12.303865
1184,Orlanda Centro Ippico,45.494301,12.31144
1185,ORLANDA 200,45.496796,12.315647
1186,Orlanda Piovega,45.499008,12.319427000000001
1188,Triestina Tessera,45.504158000000004,12.328233
1192,Triestina Zorzi,45.508308,12.334814
1193,Triestina Zuliani,45.51202,12.343062
1194,Triestina Laguna,45.512333,12.345559
1195,TRIESTINA AERONAVALI,45.514275,12.351898
1196,Triestina Paliaghetta,45.517573999999996,12.354869
1198,Tessera Scuole,45.503807,12.32436
1199,TRIESTINA FORTE ROSSAROL,45.504115999999996,12.319777
1200,Triestina Torre,45.504925,12.310042999999999
1201,Triestina Piovega,45.50359,12.301404
1202,Triestina Lazzaretto,45.503890999999996,12.29469
1204,Triestina Prabello,45.505363,12.288495
1205,Triestina Altinia,45.504913,12.283571
1206,Gobbi Vallenari,45.501869,12.284032
1207,Gobbi Don Bosco,45.4977,12.286077
1208,Gobbi Ca' Dolfin,45.495815,12.287802000000001
1209,Gobbi Mandarini,45.493786,12.291631
1210,Gobbi Mirtilli,45.491383,12.293884
1211,Gobbi Orlanda,45.487423,12.295050999999999
1212,Passo Campalto Orlanda,45.485973,12.295866
1213,Sabbadino Passo Campalto,45.482811,12.295931
1215,Sabbadino Bagaron,45.482002,12.292283
1216,Sabbadino Laguna,45.481891999999995,12.287865
1220,Cortivo Tombelle,45.48037,12.285049
1221,Altinia Berizzi,45.537693,12.299781
1223,Dese Cicogne,45.53141,12.303275
1224,Dese Centro,45.528294,12.304097
1225,Dese Litomarino,45.526306,12.303276
1226,Altinia 181,45.52626,12.297414
1227,Altinia Forte Cosenz,45.522385,12.28841
1228,Altinia Ca' Badoera,45.516186,12.283892
1230,Altinia Ca' Solaro,45.511486,12.282914
1231,Altinia Indri,45.509735,12.282385000000001
1232,Altinia San Pietro,45.507824,12.282148
1233,Altinia Municipio,45.505127,12.282409
1241,San Dona' Falzarego,45.504719,12.253015
1242,Garibaldi  Carpenedo,45.504878999999995,12.250231
1243,Garibaldi Ognissanti,45.49968,12.246514
1244,Garibaldi Giardini,45.502392,12.248509
1245,Garibaldi Municipio,45.497044,12.244541
1256,Marghera Cimitero,45.470589000000004,12.207773
1257,Pertini Vespucci,45.4823,12.269217999999999
1258,Pertini Gavagnin,45.483215,12.267178999999999
1259,Pertini Chiesa,45.486523,12.270669
1260,Pertini Foscari,45.491074,12.269753999999999
1264,Bissuola Varrone,45.493477,12.265884
1265,Bissuola Esiodo,45.494267,12.264043
1267,Casona Marziale,45.497409999999995,12.265296000000001
1268,Casona Bissuola,45.495209,12.26338
1269,Bissuola Tevere,45.493866,12.26018
1270,Bissuola Cadorna,45.494102000000005,12.256093
1271,Bissuola Pisani,45.49522,12.252627
1272,Bissuola Colombo,45.495674,12.24892
1278,Tevere Parco,45.496807000000004,12.258911999999999
1279,Tevere Baglioni,45.497935999999996,12.257052999999999
1280,Tevere Parco,45.496574,12.259210000000001
1284,Don Sturzo Pasqualigo,45.507183000000005,12.261142
1285,Pasqualigo Monte Rua,45.505634,12.260758000000001
1286,Vespucci San Giuseppe,45.480907,12.266475999999999
1287,Vespucci Boerio,45.483771999999995,12.262691
1288,Vespucci Gritti,45.486084000000005,12.259979
1289,Vespucci Cattaneo,45.491871,12.253617
1292,Fradeletto Cecchini,45.497982,12.248298
1296,Fornase Perugia,45.477577000000004,12.158244
1297,Matteotti Cimitero,45.481224,12.161764999999999
1301,Le Crete,45.567219,12.360647
1304,Spinea Alfieri,45.489979,12.170173
1305,Spinea Sanremo,45.494946,12.158059
1306,Spinea Orgnano,45.496014,12.152871000000001
1307,Liberta' Costituzione,45.486346999999995,12.147169
1308,Spinea Desenzano,45.488979,12.148776
1309,Le Crete,45.567333000000005,12.36095
1310,Spinea Pozzuoli,45.488781,12.150131
1311,Spinea Villaggio Fiori,45.491623,12.152626
1312,Spinea Giorgione,45.486824,12.179265
1313,Miranese Selenia,45.485645,12.181892999999999
1314,Miranese San Giorgio,45.484528000000005,12.189015
1315,Trieste Miranese,45.483173,12.192863000000001
1316,Trieste Robinie,45.477406,12.198316
1317,Spinea Pozzuoli,45.488712,12.149917
1318,Villabona Bottenigo,45.474098,12.201151
1319,Villabona 87,45.473289,12.200322
1320,Villabona Pioppi,45.474033,12.196892
1321,Villabona Morari,45.473273999999996,12.195314
1322,VIA Villabona Ontani,45.472542,12.192305000000001
1325,Liberta' Commercio,45.479496000000005,12.239747999999999
1326,Trieste Catene,45.477222,12.202905
1327,Trieste Parco,45.477158,12.205816
1328,Trieste Bosco,45.476948,12.209763
1329,Trieste Eraclea,45.476729999999996,12.215622999999999
1330,Calvi Parmesan,45.478119,12.219826
1331,Paolucci Longhena,45.479942,12.223844999999999
1338,Pasini Fratellanza,45.461979,12.221536
1340,Beccaria Correnti,45.466141,12.223084
1348,Canal Leone,45.476608,12.221971
1349,Paleocapa Parmesan,45.477058,12.219509
1351,Beccaria Canetti,45.474486999999996,12.21958
1352,Beccaria Oroboni,45.472237,12.220246000000001
1353,Beccaria Chiesa,45.469769,12.221539
1355,Risorgimento Cimitero,45.48687,12.189013000000001
1356,Risorgimento Sestella,45.489754,12.190089
1357,Risorgimento Carnia,45.491848,12.19081
1358,Risorgimento Asseggiano,45.494625,12.191706
1359,Olmo Giovanni XXIII,45.517348999999996,12.185986999999999
1360,Olmo Minzoni,45.5186,12.181961
1361,Olmo Papa Luciani,45.519402,12.177425999999999
1362,Olmo Calvi,45.520432,12.172472
1363,Maerne Cimitero,45.521858,12.16601
1364,Maerne Tasso,45.522987,12.162656
1365,Maerne Chiesa,45.523666,12.158612
1366,Maerne Isonzo,45.526634,12.156894
1368,Spinea Rossignago,45.492027,12.163081
1370,Corezzola Sasso,45.236233,12.023403
1371,Martellago Grimani,45.545921,12.158889
1372,MartellagoTrento,45.543777,12.167394
1373,Martellago Verdi,45.545643,12.162381
1374,Martellago Vittoria,45.546471000000004,12.158202000000001
1375,Rampa Cavalcavia Vempa,45.482323,12.237675999999999
1376,Cavalcavia Vempa,45.482304,12.237786
1380,Liberta' Fincantieri,45.476357,12.250622
1381,Liberta' Porto Marghera,45.471931,12.256989
1382,Liberta' Righi,45.470062,12.264036
1392,Liberta' Santa Chiara,45.440994,12.315572
1394,Tronchetto Mercato,45.442757,12.308137
1395,Tronchetto Vaporetti,45.440909999999995,12.305601
1398,Ospedale dell'Angelo SFMR,45.513245,12.225361
1399,Ospedale dell'Angelo SFMR,45.513233,12.225492
1400,Ospedale dell'Angelo,45.512962,12.224432
1405,Ilaria Alpi SFMR ospedale,45.513348,12.225932
1406,Bandiera Cruto,45.461475,12.223510000000001
1407,Bandiera Ghega,45.46468,12.225366000000001
1408,Bandiera Tommaseo,45.468185,12.227427
1410,Bandiera Cantore,45.472946,12.230141999999999
1411,Bandiera Durando,45.477501000000004,12.232762
1412,Bandiera Pila,45.479996,12.23424
1414,Padana Avena,45.456558,12.2183
1415,Malcontenta Padana,45.451263,12.21423
1417,Malcontenta Chimica,45.446018,12.211447
1419,Malcontenta Chiesa,45.437027,12.205185
1420,Stazione Marcon SFMR,45.545563,12.314231
1421,Moranzani Elettronica,45.425079,12.247366
1422,Moranzani Conca,45.428089,12.24062
1424,Moranzani 32,45.429249,12.221783
1425,Malcontenta Scuole,45.43531,12.211546
1426,Malcontenta Fimon,45.438805,12.199910000000001
1429,Malcontenta Erba,45.446144,12.194242
1430,Stazione Marcon SFMR,45.545406,12.313919
1431,Marcon Mattei,45.549186999999996,12.310306
1432,Marcon Mattei,45.548939000000004,12.310175
1433,San Liberale Praello,45.547897,12.330299
1434,Ca' Sabbioni Zorzi,45.456417,12.18025
1435,Ca' Sabbioni Padana,45.453998999999996,12.17954
1436,Padana Civico 338,45.451443,12.183123
1437,Padana Stazione,45.448409999999996,12.193731
1438,Padana delle Trote,45.448665999999996,12.199621
1439,Padana del Luccio,45.449188,12.203700999999999
1444,Elettronica  Stabilimento,45.429951,12.234297
1445,Elettronica  9,45.429688,12.240067
1447,Elettronica Centrale,45.428581,12.247434
1448,San Liberale Praello,45.547973999999996,12.330210000000001
1450,Chimica Meccanica,45.444140999999995,12.214549
1451,Chimica Ingresso 4,45.446564,12.225307
1452,Chimica Ingresso 5,45.448757,12.232399000000001
1453,Chimica Ingresso 7,45.449039,12.236317
1459,Azoto Macchine,45.474003,12.239252
1477,Treviso San Lazzaro,45.651641999999995,12.242458000000001
1478,Treviso San Lazzaro,45.651711,12.242215
1479,Treviso San Zeno,45.656574,12.244772
1480,Treviso San Zeno,45.656425,12.244913
1481,Oriago Ferrovia,45.455368,12.173359
1482,Mira Egeo,45.430766999999996,12.140319
1483,Mira Egeo,45.430698,12.140228
1485,Risorgimento Miranese,45.485054,12.187416
1486,Lungomare Adriatico,45.221396999999996,12.294708
1487,Ca' Lin Eraclito,45.535824,12.191459
1495,Galta Argine sinistro,45.389216999999995,12.017684
1946,Galta Argine Sinistro,45.38863,12.01777
1947,Camponogara  47,45.383644,12.086058999999999
1948,Camponogara  47,45.383575,12.086565
2001,Passetto Campelli,45.095383,12.056917
2003,Adria Bindola,45.065754,12.057855
2004,Adria Sabbioni,45.082066,12.058518
2005,Adria Campelli,45.095032,12.05707
2006,Adria Bindola,45.065594,12.057974
2007,Grignella Strada Poli,45.072308,12.099314999999999
2015,Cavarzere Ca' Labia,45.125771,12.076982000000001
2016,Cavarzere Ca' Labia,45.125617999999996,12.076782000000001
2017,Cavarzere Margherita,45.130699,12.07899
2018,Cavarzere Margherita,45.130798,12.078746
2021,Ballo' Centro,45.459773999999996,12.067975
2022,Ballo' Centro,45.459751000000004,12.068499000000001
2029,Pettorazza Santuario,45.134724,11.979752000000001
2030,Pettorazza,45.135231,11.990333
2036,Monte Grappa Ponte,45.139084000000004,12.081536999999999
2039,Cavarzere Pontenovo,45.142334000000005,12.071585
2040,Cavarzere Trieste,45.142662,12.085405
2041,Villaggio Busonera,45.143046999999996,12.0955
2046,Cavarzere Ca' Venier,45.145382,12.066018
2047,Caverzere  Ca' Venier,45.145229,12.066016000000001
2048,Cavarzere  Coette Alte,45.153088000000004,12.057848
2049,Cavarzere Coette Alte,45.153225,12.057814
2050,Cavarzere Piovese,45.152640999999996,12.057492
2052,Coette Alte Marcanta,45.151848,12.049039
2058,Rottanova Maddalena,45.141476000000004,12.013852
2059,Rottanova Coette Basse,45.143947999999995,12.014522999999999
2066,Cona,45.184795,12.018507000000001
2067,Pegolotte Piera,45.189301,12.038386000000001
2077,Santa Margherita,45.242931,12.125108
2079,Villa Del Bosco,45.215668,12.031946000000001
2081,Pegolotte,45.193565,12.039663000000001
2082,Pegolotte Piazza De Lotto,45.193607,12.039736999999999
2084,Pontelongo Garibaldi,45.244308000000004,12.02468
2088,Arzerello,45.275249,12.028696
2094,Arzergrande Roma,45.273762,12.056705000000001
2099,Rosara,45.289719,12.098500999999999
2101,Piove di Sacco Fiumazzo,45.312484999999995,12.077424
2102,Corte,45.308743,12.07348
2103,Corte,45.308803999999995,12.073412
2104,Piove di Sacco Ramei,45.302868,12.053956
2105,Piove di Sacco,45.298206,12.034504
2106,Piove di Sacco Scuole,45.302151,12.031965
2107,Piove di Sacco Scuole,45.302085999999996,12.031692999999999
2110,Rusteghello,45.28751,12.030407
2111,Piove di Sacco Rusteghell,45.287426,12.030202000000001
2112,Piove di Sacco Ospedale,45.29213,12.031911000000001
2114,Piove di Sacco,45.298443,12.034785000000001
2116,Piove di Sacco Fiumazzo,45.312412,12.077357000000001
2117,Piove di Sacco Ramei,45.303036,12.054841
2118,Piove di Sacco Rotonda,45.303917,12.038516
2119,Piove di Sacco Rotonda,45.303757,12.038561999999999
2122,Campolongo Alto Adige,45.315624,12.038021
2123,Campolongo Alto Adige,45.315861,12.03837
2124,Campolongo 8 Marzo,45.323387,12.043819000000001
2125,Campolongo 8 Marzo,45.323639,12.043664999999999
2129,Zara Chiesetta,45.31366,12.06071
2130,Sampieri,45.323017,12.076824
2131,Sampieri,45.322407,12.076715
2132,Bojon,45.337303000000006,12.082563
2133,Bojon,45.337215,12.082438
2134,Bojon,45.33802,12.069496000000001
2135,Bojon,45.338135,12.069514999999999
2136,Bojon Rivelli,45.338516,12.061455
2137,Bojon Rivelli,45.338482,12.061383
2138,Campolongo,45.331115999999994,12.048403
2139,Campolongo,45.330856,12.048381
2140,Campolongo Pordoi,45.335712,12.040034
2141,Campolongo Pordoi,45.335545,12.040346000000001
2144,Campolongo Liettoli,45.341408,12.02243
2145,Liettoli Trentino,45.341789,12.022058
2147,Sandon Chiusa,45.35331,12.029253
2148,Sandon Toscana,45.357468,12.036114
2150,Sandon,45.363898999999996,12.041694
2151,Sandon,45.363548,12.041225
2152,Fosso' Callesette,45.381836,12.048556
2153,Foso' Sud Callesette,45.381493,12.048288000000001
2154,Fosso' Provinciale 17,45.385426,12.047618
2155,Fosso',45.386917,12.049405
2156,Fosso' Roncaglia,45.385876,12.043658
2157,Fosso' Roncaglia,45.386066,12.043875
2158,Fosso' Centro,45.385647,12.04745
2159,Fosso',45.386539,12.048964999999999
2161,Fosso' Redipuglia,45.383778,12.035452000000001
2162,Galta Trieste,45.385536,12.024721000000001
2163,Galta Trieste,45.385670000000005,12.024806
2164,Galta Battisti,45.391541,12.020727
2165,Galta Centro,45.39172,12.022314999999999
2170,Vigonovo De Gasperi,45.385113,12.007987
2173,Vigonovo Villamora,45.377533,12.001323
2174,Vigonza Bachelet,45.428925,11.96195
2175,Vigonza Bachelet,45.42907,11.962003
2176,Vigonza Santa Chiara,45.429817,11.966422
2177,Vigonza Santa Chiara,45.429825,11.966152000000001
2181,Bojon,45.349072,12.070488000000001
2185,Cornio,45.356441,12.066554
2186,Bojon FS,45.336987,12.08047
2187,Bojon FS,45.336807,12.081119000000001
2188,Campagna Lupia Lazzaretto,45.34639,12.087905000000001
2189,Campagna Lupia Lazzaretto,45.346348,12.087777
2190,Campagna Lupia,45.357182,12.092155
2191,Campagna Lupia,45.357651000000004,12.091978
2192,Premaore,45.362602,12.068628
2196,Prozzolo,45.368229,12.094228
2197,Prozzolo,45.367039,12.093798
2198,Prozzolo Chiesa,45.369820000000004,12.088703
2200,Camponogara Pascoli,45.373798,12.068667
2202,Camponogara Matteotti,45.381569,12.079524000000001
2204,Camponogara IV Novembre,45.382599,12.079156
2205,Camponogara IV Novembre,45.382614000000004,12.077571
2206,Camponogara Matteotti,45.383339,12.073948
2207,Camponogara Matteotti,45.383194,12.073959
2208,Camponogara Arzerini,45.386990000000004,12.072034
2209,Camponogara Arzerini,45.386967,12.071756
2210,Camponogara Premaore,45.382560999999995,12.067958
2211,Camponogara Premaore,45.382725,12.067878
2212,Fosso' Verdi,45.383117999999996,12.057597
2213,Fosso' Verdi,45.38327,12.057682000000002
2214,Camponogara Diedo,45.37767,12.096086
2215,Camponogara Diedo,45.377419,12.095922
2216,Calcroci Cavour,45.384571,12.097501
2217,Calcroci Cavour,45.383995,12.097268
2218,Calcroci Chiesa,45.385222999999996,12.099319
2220,Camponogara Volta,45.386257,12.116478
2221,Camponogara Volta,45.386429,12.116394999999999
2222,Lughetto Marzabotto,45.387794,12.125339
2223,Lughetto Marzabotto,45.387775,12.125883
2224,Marghera Romea,45.390163,12.139161999999999
2225,Marghera Romea,45.390057,12.139142
2226,Camponogara Casino Rosso,45.39463,12.099925
2227,Camponogara Casino Rosso,45.396381,12.099865
2228,Dolo Marinelle,45.404911,12.102017
2229,Sambruson Marinelle,45.404896,12.101403999999999
2230,Sambruson,45.413624,12.098756
2231,Sambruson,45.413754,12.098596
2232,Sanbruson Marco Polo,45.413502,12.102785
2233,Sanbruson Marco Polo,45.413376,12.102508
2234,Dolo Carrezzioi,45.413662,12.106714
2235,Sanbruson Carrezzioi,45.413746,12.10702
2236,Sanbruson Ferrovia,45.416191,12.122698
2237,Dolo Ferrovia,45.415981,12.122864
2238,Mira Montessori,45.417976,12.132416000000001
2239,Mira Montessori,45.417786,12.132359
2240,Mira Campi,45.419109000000006,12.140869
2241,Mira Campi,45.419315000000005,12.140651
2242,Mira Piazza Vecchia,45.417274,12.147897
2243,Mira Piazza Vecchia,45.417332,12.147689
2244,Mira Bellini,45.420635,12.15197
2245,Gambarare Bellini,45.420628,12.151750999999999
2246,Gambarare,45.425087,12.152338
2247,Chiesa Gambarare,45.424805,12.152003
2248,Mira Matteotti,45.434391,12.139394
2250,Mira Municipio,45.433239,12.124257
2251,Mira centro,45.433758000000005,12.121794
2252,Mira Alfieri,45.434532,12.121022
2253,Mira Alighieri,45.435337,12.129655999999999
2254,Mira Alighieri,45.435534999999994,12.1294
2256,Mira Porte,45.440193,12.140676
2257,Mira Porte,45.440311,12.140554
2258,Mira Riscossa,45.442039,12.146686
2260,Mira Albrizzi,45.432266,12.113758
2261,Dolo Civico 75,45.427326,12.104405
2263,Dolo Manzoni,45.425667,12.081298
2264,Dolo Manzoni,45.425579,12.08131
2265,Dolo Monache,45.418704999999996,12.087007
2266,Dolo Monache,45.418858,12.087006
2267,Dolo Doria,45.42157,12.079507000000001
2268,Dolo Doria,45.421734,12.079485
2269,Dolo Guardiana,45.421078,12.078527000000001
2270,Dolo Guardiana,45.421104,12.078828999999999
2271,Dolo Alture,45.411701,12.082251
2272,Dolo Alture,45.411327,12.081698
2273,Camponogara Artigiani,45.389736,12.073627
2274,Camponogara Artigiani,45.389717,12.073155999999999
2276,Campoverardo,45.393612,12.062114999999999
2277,Campoverardo Centro,45.394302,12.062325
2279,Campoverardo Civico 57,45.390671000000005,12.057688
2280,Campoverardo civico 57,45.390751,12.05748
2281,Fosso' Favalli,45.394161,12.050577
2282,Fosso' Favalli,45.394096000000005,12.050426
2283,Paluello Veneto,45.40876,12.051836
2284,Paluello Veneto,45.408794,12.051694
2288,Fiesso d'Artico Padana,45.417496,12.052273
2289,Fiesso Gemito,45.418938,12.060034
2290,Fiesso Gemito,45.419174,12.059919
2291,Dolo Centro,45.423598999999996,12.074698
2292,Dolo Centro,45.423615000000005,12.074477
2293,Fiesso D'Artico Bandiera,45.417713,12.045567
2294,Fiesso D'Artico Bandiera,45.41787,12.045483
2295,Fiesso D'Artico Centro,45.416752,12.034814
2296,Fiesso D'Artico Centro,45.416962,12.034814
2297,Fiesso D'Artico Pioghella,45.416389,12.025122
2298,Fiesso Pioghella,45.416247999999996,12.02534
2302,San Pietro Minzoni,45.406979,12.029053
2305,Stra' San Pietro,45.405163,12.015689
2307,Stra Crispino,45.407249,12.013207000000001
2308,Stra Loredan,45.407875,12.006717
2309,Stra Piazza Marconi,45.409458,12.00586
2310,Stra Piazza Marconi,45.409366999999996,12.005611
2311,Stra Dante,45.413853,12.001616
2312,Stra Dante,45.413677,12.001560000000001
2313,Capriccio Centro,45.418785,11.987503
2314,Capriccio Centro,45.418621,11.987434
2315,Perarolo Quartiere Pavan,45.421772,11.979606
2316,Perarolo Quartiere Pavan,45.422039,11.978552
2317,Vigonza Perarolo,45.426533,11.963328
2318,Vigonza Perarolo,45.426361,11.963326
2319,Busa di Vigonza Centro,45.428268,11.953418
2320,Busa di Vigonza Centro,45.427929,11.952454
2321,Ponte di Brenta Centro,45.425484000000004,11.947749
2322,Ponte di Brenta Centro,45.425629,11.947614
2323,Ponte di Brenta Lago,45.423409,11.941844999999999
2324,Ponte di Brenta Lago,45.423271,11.941933
2325,Padova Est,45.420361,11.933455
2326,Padova Est,45.42001,11.93355
2327,Padova San Lazzaro,45.417446000000005,11.924695
2328,Padova San Lazzaro,45.417767,11.925947
2333,Padova Turazza,45.409782,11.899809
2335,Cazzago Pascoli,45.43417,12.074752
2336,Cazzago Pascoli,45.434554999999996,12.074988000000001
2337,Dolo Municipio,45.426272999999995,12.074677000000001
2338,Dolo Municipio,45.425990999999996,12.074502
2339,Cazzago,45.439095,12.074392999999999
2340,Cazzago,45.439503,12.074052
2341,Martellago Centro Anziani,45.544022,12.15735
2342,Cazzago,45.439632,12.073278
2343,Scorze' Ortigara,45.569508,12.114352
2344,Scorze' Ortigara,45.569901,12.115216
2345,Cazzaghetto Industriale,45.439934,12.063239999999999
2346,Cazzaghetto Industriale,45.439983000000005,12.063011999999999
2347,Cazzaghetto Parolini,45.440048,12.055407
2348,Cazzaghetto Parolini,45.439949,12.05518
2349,Cazzaghetto Arino,45.43877,12.04888
2350,Cazzaghetto Arino,45.438805,12.048605
2352,Pianiga Accoppe',45.452881,12.047229
2353,Pianiga Bosco,45.454654999999995,12.038085
2354,Pianiga Bosco,45.454987,12.037287
2355,Pianiga,45.45644,12.028736
2356,Pianiga Roma,45.45599,12.030021000000001
2357,Pianiga Roma,45.45697,12.021329
2358,Pianiga Roma,45.457039,12.021542
2359,Rivale Bosco,45.456103999999996,12.012262
2361,Rivale Chiesa,45.457363,12.005735000000001
2362,Rivale Chiesa,45.457226,12.006084
2363,Mellaredo Cavinello,45.459576,11.993153999999999
2364,Mirano Volpino,45.461864,12.052288
2365,Mirano Volpino,45.461964,12.052133999999999
2366,Bernini Di Vittorio,45.436424,12.147483
2367,Borromini Bernini,45.435265,12.141922000000001
2368,Maiano Alberti,45.432891999999995,12.141052
2370,Ballo' Stazione,45.458889,12.072989
2372,Ballo' Cimitero,45.459969,12.077374
2373,Ballo' Cimitero,45.460117,12.077264
2374,Ballo' Mazzini,45.455818,12.072736
2375,Ballo' Mazzini,45.455982,12.072563
2376,Ballo' FS,45.452446,12.072693
2377,Ballo' FS,45.452106,12.072574000000001
2378,Cazzago Trasimeno,45.443222,12.074986
2379,Cazzago Trasimeno,45.443054,12.074777000000001
2380,Mira Ginestre,45.450268,12.119852999999999
2381,Miranese Ginestre,45.450127,12.119335000000001
2382,Mira Argine,45.457291,12.11904
2383,Mira Argine,45.457417,12.118905
2384,SFMR Spinea,45.490921,12.176497
2385,Mazzocco,45.552647,12.267636
2386,Marano,45.465267,12.116615
2387,Marano,45.465365999999996,12.116102
2388,Marano Caltana,45.465096,12.118352999999999
2389,Marano Caltana,45.465137,12.118229
2390,Mirano Trescievoli,45.469516999999996,12.117904
2391,MIrano Trescievoli,45.469669,12.118021
2392,Mirano Olmo,45.481528999999995,12.117042999999999
2393,MIrano Olmo,45.481396000000004,12.116799
2394,MiranoTaglio Sinistro,45.477740999999995,12.117394
2395,MiranoTaglio Sinistro,45.477829,12.117056
2396,Mirano Matteotti,45.494152,12.092875
2401,Vigonza Sant' Andrea,45.431129,11.969812
2403,Vetrego,45.467940999999996,12.107917
2404,Scaltenigo Porara,45.467861,12.107899
2405,Scaltenigo Formigo,45.469784000000004,12.09318
2407,Scaltenigo Formigo,45.469746,12.093971
2408,Scaltenigo,45.470096999999996,12.082929
2409,Scaltenigo,45.4701,12.083396
2410,Scaltenigo Caltana,45.469231,12.082302
2420,Caltana Marinoni,45.477234,12.029926
2421,Salzano Lorenzetti,45.532204,12.110512
2422,Salzano Lorenzetti,45.531681,12.110339999999999
2423,Oriago Sommo,45.446442,12.159578
2424,Oriago Sommo,45.446156,12.159374
2425,Mira Riscossa,45.441902,12.146778999999999
2426,Oriago Stazione,45.449081,12.165473
2427,Oriago Romagna,45.453629,12.176764
2428,Oriago Centro,45.451809000000004,12.17141
2429,Oriago Marche,45.456326000000004,12.170997999999999
2431,Borbiago Friuli,45.459194000000004,12.164803
2432,Borbiago Friuli,45.459305,12.164227
2433,Borbiago Sardegna,45.4576,12.159834
2434,Borbiago Sardegna,45.457446999999995,12.160021
2435,Borbiago Milano,45.45599,12.156087
2436,Borbiago Milano,45.455666,12.15582
2437,Borbiago Centro,45.454597,12.151603
2438,Borbiago,45.454571,12.152631
2439,Borbiago Boldani,45.453196999999996,12.143913000000001
2440,Borbiago Boldani,45.453441999999995,12.143759
2442,Mira San Monte,45.456371000000004,12.132435000000001
2444,Marano Sottopasso,45.462887,12.122078
2445,Romea Giare,45.401104,12.147724
2446,Romea Giare,45.400833,12.147037
2447,Romea Bastie,45.419540000000005,12.169064
2448,Gambarare Bastie,45.420708000000005,12.17051
2449,Romea Ca' Balletto,45.430428000000006,12.185611999999999
2450,Gambarare Ca' Balletto,45.430023,12.184323
2451,Romea Malcanton,45.435581,12.193286
2452,Romea Malcanton,45.435444,12.192575
2453,San Pietro Chiesa,45.11578,12.185774
2461,Boscochiaro,45.137421,12.116651
2469,Cavarzere Trieste,45.14262,12.085416
2472,Stra Loredan,45.408039,12.006877000000001
2473,Santa Maria di Sala Grand,45.483864000000004,12.004579
2474,Santa Maria di Sala Grand,45.4837,12.005158999999999
2475,Caltana Pioga,45.480843,12.020783
2476,Caltana Pioga,45.481014,12.02085
2477,Caselle Madonna Mora,45.484974,12.003927000000001
2479,Santa Maria di Sala Casel,45.489582,12.005681
2480,Santa Maria di Sala Casel,45.489346000000005,12.005265
2481,Santa Maria di SalaTabina,45.499641,12.009350999999999
2482,Santa Maria di Sala Tabin,45.500153000000005,12.009357000000001
2483,Santa Maria di Sala Spall,45.507754999999996,12.017973
2484,Santa Maria di Sala Spall,45.507853999999995,12.018373
2485,Santa Maria di Sala,45.504622999999995,12.034861
2486,Santa Maria di Sala,45.504681,12.035447
2487,Mirano localita' Botti,45.500504,12.056856
2488,Mirano Localita' Botti,45.500729,12.056286
2489,Mirano Bollati,45.499171999999994,12.06493
2490,Mirano Bollati,45.499171999999994,12.064162
2491,Mirano Varotara,45.497864,12.071277
2492,Mirano Varotara,45.497822,12.071867
2493,Mirano Caravaggio,45.494793,12.088675
2494,Mirano Caravaggio,45.494446,12.08961
2495,Mirano Modigliani,45.495647,12.083523
2496,Mirano Modigliani,45.495514,12.083928
2497,Santa Maria di Sala Luxor,45.505981,12.028358
2498,Santa Maria di Sala Luxor,45.505835999999995,12.028375
2499,MIrano Grimani,45.492359,12.102227000000001
2500,Mirano Grimani,45.492176,12.102992
2501,Mirano Perugino,45.493159999999996,12.096616000000001
2502,Mirano Battisti,45.494392,12.101719000000001
2503,Mirano Battisti,45.494282,12.101987
2504,MIrano Gramsci,45.491756,12.106152999999999
2505,MIrano Gramsci,45.492008,12.105253999999999
2506,Mirano Pestrino,45.490722999999996,12.114103
2507,Mirano Pestrino,45.490925,12.112893
2508,MIrano Centro,45.491364000000004,12.110153
2509,Mirano Centro,45.491478,12.109667
2510,MIrano Dante,45.492764,12.115817
2511,Mirano Dante,45.492882,12.116081
2512,Mirano Cabotto,45.491653,12.118458
2514,Ospedale Mirano,45.497875,12.114861
2515,Ospedale Mirano,45.497814,12.115356
2516,MIrano Treviso,45.498405,12.118742999999998
2518,Mirano Carducci,45.49733,12.125446
2519,Mirano Carducci,45.497211,12.12538
2520,Mirano Mariutto,45.496262,12.112086
2522,Mirano  Minzoni,45.498695,12.098681
2523,Mirano  Minzoni,45.498962,12.098821000000001
2524,Mirano  Civico 16,45.499783,12.095626
2525,Mirano  Civico 16,45.499981,12.095799000000001
2526,Mirano Civico 97,45.501595,12.086411
2527,Mirano Civico 97,45.501872999999996,12.086367
2528,Mirano Contarini,45.503754,12.084261999999999
2529,Mirano Contarini,45.503956,12.084251
2530,Zianigo,45.504757,12.077602
2531,Zianigo,45.504959,12.077615
2532,Zianigo Desman,45.508579,12.07846
2533,Zianigo Desman,45.508675,12.078023
2534,Mirano localita' Fontana,45.511359999999996,12.07029
2536,Sant Angelo Noalese,45.517723,12.035797
2537,Sant Angelo Noalese,45.517986,12.035875
2538,Veternigo Pianiga,45.515423,12.048225
2540,Veternigo,45.513943,12.058518
2541,Veternigo,45.513535,12.058518
2542,Sant'Angelo Centro,45.521477000000004,12.016947
2543,Sant'Angelo Centro,45.520931,12.018636
2545,Borgoricco,45.530651,11.96597
2546,Borgoricco Mussolini,45.528088000000004,11.981272
2547,Borgorrico Sant Eufemia,45.526363,11.990848
2548,Sant Angelo Sole,45.523808,12.004184
2549,Sant Angelo Sole,45.523563,12.003891000000001
2551,Dolo Presicci,45.416237,12.081826
2552,Dolo Presicci,45.41642,12.081878999999999
2553,Camponogara Industria,45.403805,12.082974
2554,Camponogara Industria,45.404045,12.083597
2555,Fosso' Arzaroni,45.384331,12.040253
2556,Fosso' Arzaroni,45.384499,12.040161999999999
2560,Borgorrico Sant Eufemia,45.525928,11.991548
2561,Borgoricco Mussolini,45.527854999999995,11.981172
2562,Mirano Fossa,45.495159,12.13552
2563,Mirano Fossa,45.495360999999995,12.135508999999999
2564,Spinea Repubblica,45.496052,12.143678
2565,Spinea Repubblica,45.496281,12.143666
2566,Spinea Zigarara,45.507979999999996,12.148339
2567,Spinea Zigarara,45.506783,12.147276
2568,Spinea Luneo,45.501453000000005,12.144136999999999
2569,Spinea Luneo,45.500568,12.143253
2570,Maerne Centro,45.523334999999996,12.155683999999999
2571,Maerne Centro,45.523540000000004,12.155345
2578,Mirano Boschette,45.504528,12.109959
2579,Mirano  Boschette,45.503799,12.1092
2580,MIrano Luneo,45.511684,12.113319
2581,Mirano Luneo,45.511654,12.112756
2582,Salzano Matteotti,45.517246,12.112377
2583,Salzano Matteotti,45.517241999999996,12.111902
2584,Salzano De Gasperi,45.521271,12.107141
2585,Salzano De Gasperi,45.521572,12.107121000000001
2586,Salzano Chiesa,45.521309,12.103244
2587,Salzano Chiesa,45.521538,12.103206
2588,Salzano Municipio,45.521206,12.099051
2589,Salzano Municipio,45.521511,12.099097
2590,Oraigo Adige,45.45715,12.173627
2591,Oriago Venezia,45.453959999999995,12.177472999999999
2592,Oriago Ferrovia,45.454948,12.173531
2593,Mirano Cavin di Sala,45.499984999999995,12.056067
2594,Oriago Marche,45.456615,12.17084
2595,Scaltenigo,45.47076,12.080282
2596,Campocroce Cavin Caselle,45.484413,12.050431
2598,Campocroce Cimitero,45.487362,12.051542
2599,Campocroce Cimitero,45.487595,12.051561999999999
2600,Salzano Confalonieri,45.522751,12.093121
2601,Salzano Confalonieri,45.522438,12.092846
2602,Salzano Ponte Grasso,45.525448,12.086735000000001
2604,Salzano Sogaretti,45.532307,12.08333
2605,Salzano Sogaretti,45.532084999999995,12.08276
2606,Salzano Toscanino,45.54108,12.082769
2607,Salzano Toscanino,45.540890000000005,12.082403999999999
2608,Noale Lancerotto,45.547325,12.077973
2609,Noale,45.552982,12.06804
2611,Noale Ongari,45.549011,12.078455
2612,Noale Ongari,45.549339,12.078527000000001
2613,Noale Bacchiglione,45.548266999999996,12.083298
2614,Noale Bacchiglione,45.548512,12.083138
2615,Mestrina Spagnolo,45.547484999999995,12.087913
2616,Noale Spagnolo,45.54768,12.088133000000001
2617,Robegano Centro,45.54121,12.125
2618,Robegano Centro,45.54155,12.125336
2619,Robegano Monte Grappa,45.54343,12.111552
2620,Robegano Monte Grappa,45.543827,12.111234
2621,Robegano Puccini,45.542206,12.119434
2622,Robegano Puccini,45.542538,12.11917
2623,Noale Zona Industriale,45.545887,12.098993
2624,Noale Zona Industriale,45.545586,12.098818
2625,Maerne Circonvallazione,45.531895,12.1507
2626,Maerne Circonvallazione,45.532092999999996,12.150688
2627,Robegano 25 Aprile,45.536907,12.140046
2628,Robegano 25 Aprile,45.537418,12.140165
2629,Martellago Boschi,45.550339,12.146343
2630,Martellago Boschi,45.550694,12.146422
2631,Martellago Santo Stefano,45.548241,12.151133999999999
2632,Martellago Santo Stefano,45.548313,12.151826
2633,Martellago Ca' Combi,45.55529,12.137457000000001
2634,Martellago Ca' Combi,45.554935,12.137161
2635,Martellago Ca' Longo,45.562611,12.128738
2636,Martellago Ca' Longo,45.562275,12.128825
2637,Scorze' Romagna,45.565146999999996,12.119439
2638,Scorze' Romagna,45.565418,12.119615
2639,Scorze' capolinea,45.573227,12.104189
2640,Scorze' Ceccariolo,45.574284000000006,12.107223
2642,Scorze' Fermi,45.574936,12.105792
2644,Scorze' Milano,45.576423999999996,12.096289
2647,Trebaseleghe,45.591384999999995,12.049764
2648,Trebaseleghe Pio X,45.586571,12.053479
2653,Mirano Borgo Zucchero,45.463287,12.07982
2654,Ballo' Borgo Zucchero,45.463337,12.080125
2655,Martellago Centro Anziani,45.543892,12.157183
2657,Gambarare Civico 94,45.427009999999996,12.14628
2672,Scorze' San Benedetto,45.580189000000004,12.110619999999999
2673,Scorze' San Benedetto,45.580303,12.110235000000001
2674,Rio San Martino,45.589039,12.111074
2675,Cappella,45.568649,12.147484
2676,Cappella,45.568394,12.147497
2677,Scorze' Boschi,45.568466,12.137089
2678,Scorze' Boschi,45.568981,12.136273
2679,Scorze' Guido Rossa,45.568939,12.128498
2680,Scorze' Guido Rossa,45.569140999999995,12.128488
2682,Martellago Guizza,45.56712,12.165186
2683,Peseggia  Canove,45.562477,12.17028
2684,Peseggia  Canove,45.562775,12.171333
2685,Peseggia,45.562290000000004,12.181074
2686,Peseggia,45.562126,12.180632000000001
2687,Gardigiano,45.564606,12.197353999999999
2688,Gardigiano,45.564518,12.197036
2689,Peseggia  Vittorio Veneto,45.562560999999995,12.186523
2690,Peseggia  Vittorio Veneto,45.562504,12.1853
2691,Peseggia Perosi,45.562934999999996,12.189599000000001
2692,Peseggia  Perosi,45.563133,12.189099
2693,Gardigiano Mattarella,45.563828,12.204589
2694,Gardigiano Mattarella,45.564571,12.203361
2695,Gardigiano Donato,45.562313,12.209621
2696,Gardigiano Donato,45.562473,12.209666
2697,Mogliano Ghetto,45.558147,12.220497
2698,Mogliano Ghetto,45.558437,12.220246000000001
2701,Mogliano Centro,45.560673,12.234824
2704,Mogliano Marconi,45.567211,12.23548
2705,Mogliano Marconi,45.566897999999995,12.235085
2706,Campocroce,45.583405,12.233728
2707,Campocroce,45.581184,12.232975
2708,Perarolo Dalla Vecchia,45.428622999999995,11.975646000000001
2709,Perarolo Dalla Vecchia,45.428894,11.975593
2711,Campocroce Chiesa,45.584334999999996,12.219008
2716,Zero Branco Kennedy,45.600151000000004,12.176664
2717,Zero Branco Primo Maggio,45.600544,12.178335
2718,Monte Grappa XXV Aprile,45.543022,12.112362
2724,Sant' Alberto Bellini,45.614014000000005,12.122433000000001
2726,Scandolara Pasteur,45.61591,12.093594
2728,Scandolara,45.616405,12.102067
2732,Trebaseleghe,45.616013,12.080783
2733,Badoere,45.634373,12.083421000000001
2735,Badoere D'Annunzio,45.631927000000005,12.084058
2736,Sambughe',45.590294,12.233995
2737,Sambughe',45.590664000000004,12.234571
2738,Preganziol Gambino,45.604282,12.235631
2739,Preganziol Municipio,45.602409,12.23501
2740,Treviso Ghirada,45.648609,12.242198
2741,Treviso Selvatico,45.644112,12.241366000000001
2742,Frescada,45.640327,12.24099
2743,Dosson,45.635628000000004,12.240413
2744,SanTrovaso,45.626934000000006,12.239507000000001
2745,Preganziol Baratta Nuova,45.612156,12.237196
2746,Preganziol  Guizzetti,45.616248999999996,12.238044
2747,Le Grazie,45.619492,12.238647
2748,ULSS,45.63081,12.239921
2749,Treviso,45.661941999999996,12.245289
2750,Perarolo Danzica,45.423634,11.97808
2751,Treviso Ghirada,45.648334999999996,12.241538
2752,Treviso Selvatico,45.643177,12.24107
2753,Frescada,45.639957,12.240588
2754,Dosson,45.635921,12.240184
2755,ULSS,45.630672,12.239594
2756,San Trovaso,45.626801,12.239201
2757,Le Grazie,45.618546,12.23825
2758,Preganziol  Guizzetti,45.615871000000006,12.237733
2759,Preganziol  Baratta Nuova,45.610855,12.236674
2761,Mogliano Municipio,45.561352,12.236813
2762,Mogliano Cimitero,45.561768,12.241765
2763,Mogliano Cimitero,45.561867,12.241709
2766,Mogliano Scoutismo,45.561592,12.252642999999999
2769,Mogliano Cortellazzo,45.564671000000004,12.258003
2777,Alta Milano,45.558453,12.277777
2778,Marcon Milano,45.558563,12.278088
2779,Marcon Genova,45.556175,12.283014
2780,Marcon Genova,45.556430999999996,12.282969999999999
2781,Marcon Ancona,45.555541999999996,12.287964
2782,Marcon Ancona,45.555733000000004,12.287979
2793,Quarto d'Altino FS,45.574539,12.366332
2794,Quarto d'Altino FS,45.574771999999996,12.366082
2797,Quarto d'Altino Augusta,45.579037,12.373327
2798,Quarto d'Altino Centro,45.581097,12.368839
2799,Quarto d'Altino Centro,45.580944,12.369109
2800,Quarto d'Altino Augusta,45.579205,12.373199000000001
2801,Quarto d'Altino Zanettin,45.583153,12.357642
2802,Quarto d'Altino Zanettin,45.583344,12.357522
2804,Quarto d'Altino Industrie,45.584293,12.352648
2805,Casale sul Sile Matter,45.592056,12.333408
2807,Casale Bivio Bonisiolo,45.593723,12.327208
2809,Scorze' Municipio,45.571938,12.108411
2810,Scorze' Municipio,45.57246,12.108077
2812,Scorze' Crosarona,45.577717,12.081258
2815,Margherita Pioveghetta,45.571815,12.071862
2819,Moniego Centro,45.561855,12.083945
2821,Moniego Treviso Vecchia,45.563666999999995,12.094446000000001
2823,Noale Livenza,45.546665000000004,12.094063
2824,Noale Livenza,45.546409999999995,12.094543
2826,Volta Olmara,45.560146,12.114494
2828,Fonda Scuola,45.553307000000004,12.068505
2829,Noale Dei Novale,45.549671000000004,12.076823
2830,Salzano Cimitero,45.516853000000005,12.103319
2831,Salzano Cimitero,45.516739,12.103049
2835,Briana,45.532787,12.051160000000001
2836,Noale Valli,45.537746000000006,12.059246
2837,Sant Angelo Rivale,45.51931,12.028912
2838,Sant Angelo Rivale,45.519024,12.028595
2841,Caltana,45.479465000000005,12.029469
2842,Caltana,45.479321,12.029277
2844,Santa Maria di Sala Garda,45.493153,12.007014999999999
2845,Santa Maria di Sala Torri,45.50515,12.011191
2846,Santa Maria di Sala Torri,45.505672,12.011652
2847,Mirano Galilei,45.496826,12.077936
2848,Mirano Galilei,45.496178,12.080434
2854,Romea Volto,45.095490000000005,12.254594
2856,Rosolina,45.075714000000005,12.246035000000001
2857,Ridotto Madonna,45.196284999999996,12.281477
2863,Zerman Bonisiolo,45.575653,12.26777
2865,Casale sul Sile Chiesa,45.59861,12.325785
2866,San Liberale,45.548458000000004,12.342112
2867,San Liberale,45.548382000000004,12.341655000000001
2872,Mogliano Marocchesa,45.53756,12.239054
2873,Mogliano Marignana,45.541569,12.236636
2874,Mogliano Rimini,45.548801,12.234464
2875,Mogliano Ronzinella,45.552898,12.234143
2877,Mogliano Zermanesa,45.560989,12.245188
2878,Mogliano Ragazzi del 99,45.558453,12.245071000000001
2879,Mogliano Ragazzi del 99,45.5583,12.245292
2880,Campocroce,45.586327000000004,12.215308
2882,Colmello,45.55938,12.275063000000001
2883,Colmello,45.559177000000005,12.275146000000001
2884,Mirano Barbato,45.502502,12.047723
2885,Mirano Barbato,45.50219,12.047307
2886,Dolo Ospedale,45.421013,12.071504
2887,Dolo Ospedale,45.421734,12.072703
2888,Camponogara Centro,45.384575,12.071852999999999
2889,Camponogara,45.384869,12.071986
2892,Zero Branco,45.602039000000005,12.166902
2894,Fosso' Zona Industriale,45.399258,12.051648
2895,Fosso' Zona Industriale,45.399483000000004,12.052189
2896,Fosso' Bosello,45.376499,12.046762
2897,Fosso' Bosello,45.376286,12.0468
2908,Rosara,45.289776,12.130341
2909,Rosara,45.290248999999996,12.130524000000001
2910,Lova,45.326988,12.133861999999999
2911,Lova,45.327877,12.134111
2914,Lugo,45.367816999999995,12.137985
2915,Romea Lughetto,45.390774,12.140006
2916,Lugo,45.366446999999994,12.137734
2917,Romea Lughetto,45.389896,12.139700999999999
2918,Lugo Zona Industriale,45.372025,12.135166
2922,Lughetto,45.382767,12.129185000000001
2924,Lughetto Di Vittorio,45.38578,12.127417999999999
2925,Adria Scuole,45.050594,12.049154
2926,Adria Scuole,45.050755,12.049254
2937,Chioggia Venturini,45.196766,12.282146000000001
2938,Chioggia Venturini,45.196587,12.28162
2943,Mellaredo Vivaldi,45.459118,11.995918
2944,Mellaredo Vivaldi,45.459183,11.995865
2945,Ferrovia Pionca,45.442535,12.045946
2946,Ferrovia Pionca,45.442623,12.046121000000001
2950,Mogliano Terraglio,45.560356,12.234147
2951,Mogliano Centro,45.560093,12.234925
2952,Vetrego,45.457104,12.098528
2953,Vetrego Pra',45.458031,12.106127
2954,Vetrego Pra',45.457928,12.105916
2957,Mira Alfieri,45.434298999999996,12.120809
2960,Vetrego,45.457001,12.098623
2961,Monte Grappa XXV Aprile,45.543129,12.112195
2962,Salzano Roma,45.521759,12.1089
2963,Salzano Roma,45.521626,12.108467999999998
2964,Cornarotta Scarlatti,45.551281,12.114801
2969,Martellago Friuli,45.545525,12.154919
2972,Mogliano Bellini,45.553814,12.262478
2973,Mogliano Bellini,45.553616,12.26333
2976,Mogliano Ragusa,45.554337,12.252638000000001
2977,Mogliano Ragusa,45.554138,12.253148
2978,Mogliano dei Tulipani,45.55442,12.251033999999999
2979,Mogliano dei Tulipani,45.554256,12.251183000000001
2981,Maerne FS,45.518055,12.151639999999999
2983,Trezzo Battuti,45.506325,12.24785
2984,Trezzo Battuti,45.506321,12.248304
2985,Mogliano Campi Sportivi,45.555637,12.246198
2986,Mogliano Campi Sportivi,45.556496,12.246397
2989,Santa Margherita,45.247707,12.138146
2990,Santa Margherita,45.246513,12.139814
2995,Conche,45.233429,12.165566
2996,Conche,45.233299,12.165479
2997,Valli Porcellana,45.226428999999996,12.182889
2998,Valli Porcellana,45.226616,12.182557000000001
2999,Chioggia Valli,45.224327,12.193903
3000,Chioggia Valli,45.224564,12.193423
3001,Chioggia Campo Marconi,45.215088,12.276933999999999
3002,Ca' Bianca campi Sportivi,45.194939,12.197345
3006,Cive' Paltana,45.208477,12.150350999999999
3016,Rebosola Zennare,45.194317,12.164982
3019,Ca Bianca Amolara,45.190769,12.194572
3021,Ca Bianca Civico 139,45.193459000000004,12.198896000000001
3022,Rebosola Civico 139,45.193439,12.198958
3023,Ca' Bianca Provinciale 7,45.193335999999995,12.200982000000002
3024,Ca' Bianca Provinciale 7,45.193352000000004,12.201097
3025,Ca' Bianca Ponte,45.192211,12.203606
3026,Ca' Bianca Ponte,45.192303,12.203544
3031,Rebosola Idrovora,45.185558,12.227914
3034,Ca' Pasqua Provinciale 7,45.183228,12.239405
3047,Dolfina,45.153801,12.208898
3053,Cavarzere 244,45.121719,12.199314999999999
3055,San Pietro,45.115459,12.188388
3057,San Pietro Bebbe,45.112140999999994,12.191409
3063,Cavanella,45.109138,12.246138
3064,Cavanella,45.109169,12.245553
3065,Romea del Bosco,45.114334,12.251105
3066,Romea del Bosco,45.114319,12.250923
3067,Romea Cimitero,45.115809999999996,12.252169
3068,Romea Cimitero,45.11573,12.251916
3069,Romea Pegorina,45.127171000000004,12.257586
3071,Romea Canal di Valle,45.131081,12.259658
3073,Romea Marinetta,45.139973,12.264314
3075,Romea Primavera,45.141940999999996,12.265545
3076,Romea Primavera,45.142353,12.265181
3077,Romea Sant' Anna,45.146152,12.267487
3078,Romea Sant' Anna,45.145649,12.266993
3079,Romea Fisola,45.15229,12.270697
3081,Romea Ca' Lino,45.158722,12.272213
3083,Romea Sant'Anna,45.168549,12.274227999999999
3084,Romea Sant'Anna,45.168457000000004,12.274
3085,Romea Vecchia Romea,45.174628999999996,12.275739999999999
3086,Vecchia Romea,45.174706,12.275588
3087,Romea Civico 6,45.178249,12.278949
3088,Lungo Brenta Civico 6,45.178290999999994,12.278948
3092,San Giuseppe Lungo Brenta,45.177279999999996,12.288013000000001
3094,Chioggia Civico 78,45.172626,12.290778999999999
3095,Chioggia Civico 64,45.170795,12.293221
3096,Chioggia Civico 64,45.170853,12.293113
3097,Ca' Lino 1 Maggio,45.16433,12.297407000000002
3098,San Giuseppe 1 Maggio,45.164639,12.297493
3100,San  Giuseppe Ca' Lino,45.189793,12.29959
3101,Ca' Lino Colmello,45.159393,12.307808999999999
3102,Nazioni Unite Colmello,45.159508,12.3083
3104,Isola Verde Isamar,45.163269,12.32216
3105,Isola Verde Civico 22,45.167976,12.324719
3106,Isola Verde Civico 22,45.167744,12.324732000000001
3107,Isola Verde Civico 7,45.170643,12.322716999999999
3108,Isola Verde Civico 7,45.170574,12.322704
3109,Isola Verde,45.174793,12.318967
3114,Brondolo Ponte,45.184746000000004,12.271538
3118,Chioggia Ponte Trezze,45.215416,12.224485000000001
3119,Chioggia Ponte Trezze,45.215282,12.224211
3120,Chioggia della Larga,45.220051,12.212941
3121,Chioggia della Larga,45.219916999999995,12.212667
3126,Dolo Seriola,45.422234,12.09516
3145,Chioggia Borgo San Giovan,45.207840000000004,12.275812
3255,Tosatto Impastato,45.512432000000004,12.228024000000001
3267,Sottomarina,45.212502,12.291675
3269,Chioggia San Domenico,45.218418,12.281683000000001
3270,Chioggia San Domenico,45.218456,12.280875
3271,Isola Unione Parcheggio,45.216511,12.287815
3272,Isola Unione Parcheggio,45.216297,12.287809
3273,Isola Unione,45.217155,12.284414
3274,Isola Unione UNIONE E,45.217087,12.284627
3275,Isola Unione,45.217075,12.284377000000001
3276,Isola Unione,45.217017999999996,12.284577
3280,Sottomarina Piemonte,45.216919,12.292874000000001
3283,Sottomarina Brerscia,45.21307,12.291989
3284,Sottomarina Brescia,45.212872,12.291975
3286,Sottomarina San Marco,45.210438,12.290897
3288,Sottomarina Bergamo,45.211903,12.292477
3290,Sottomarina Umbria,45.213375,12.295331
3293,Sottomarina Isonzo,45.218281,12.294814
3294,Sottomarina Piemonte,45.216953000000004,12.294744
3295,Sottomarina Veneto,45.214191,12.294913
3297,Sottomarina Altair,45.205791,12.295516000000001
3298,Sottomarina Pisani,45.203758,12.296159
3299,Sottomarina Pigafetta,45.200977,12.296936
3300,Sottomarina Vega,45.19865,12.29773
3301,Sottomarina Pegaso,45.200699,12.300882
3302,Sottomarina Pisani,45.203915,12.299679
3303,Sottomarina Ionio,45.206001,12.29879
3304,Sottomarina Tirreno,45.207752,12.298079
3305,Sottomarina Boschetto,45.210613,12.295731
3306,Sottomarina Boschetto,45.210197,12.295655
3307,Sottomarina Tirreno,45.206947,12.298083
3308,Sottomarina Ionio,45.205414,12.298789
3309,Sottomarina Pisani,45.203484,12.299625
3310,Sottomarina Pegaso,45.20097,12.300572
3311,Sottomarina Vespucci,45.198521,12.298785
3312,Sottomarina Vespucci,45.198315,12.299032
3313,Sottomarina Da Verrazzano,45.197655,12.294880000000001
3314,Sottomarina Zeno,45.197369,12.29186
3315,Sottomarina Schiavo,45.197086,12.288163
3316,Sottomarina Celsi,45.196926,12.285851
3317,Sottomarina Celsi,45.196655,12.284684
3318,Sottomarina Schiavo,45.196911,12.288224000000001
3319,Sottomarina Zeno,45.197258000000005,12.2926
3320,Sottomarina Da Verazzano,45.197632,12.295509
3321,Sottomarina Ospedale,45.197990000000004,12.284912
3322,Sottomarina Ospedale,45.198174,12.284721000000001
3323,Sottomarina Laguna,45.201046000000005,12.286291
3324,Sottomarina Laguna,45.201885,12.286516
3325,Sottomarina Cimitero,45.204147,12.28788
3327,Romea Fossetta,45.197227000000005,12.279324
3328,Romea Fossetta,45.197029,12.279328999999999
3329,Chioggia  DeGasperi,45.199432,12.277082
3330,Chioggia Nenni,45.201359000000004,12.277134
3331,Chioggia DeNicola,45.203518,12.276791000000001
3332,Chioggia Berlinguer,45.205589,12.276337
3333,Chioggia FS,45.210377,12.276137
3334,Chioggia Stadio,45.211559,12.276364
3335,Chioggia  Campo Marconi,45.2159,12.277479
3336,Chioggia San Giacomo,45.218342,12.278408
3337,Chioggia San Giacomo,45.218959999999996,12.278435
3338,Sottomarina,45.2125074051026,12.2919227836344
3341,Chioggia FS,45.209656,12.275846000000001
3342,Chioggia Berlinguer,45.205795,12.276142
3343,Chioggia De Nicola,45.203682,12.276587
3344,Chioggia  Nenni,45.201077000000005,12.277002
3345,Chioggia Longo,45.198139000000005,12.276697
3347,Chioggia Cicogna,45.195152,12.282202
3348,Romea Civico 180,45.192347999999996,12.281225
3349,Romea Dandolo,45.189896000000005,12.280278
3350,BrondoloDolfin,45.187187,12.279555
3351,Brondolo,45.184298999999996,12.278442
3352,Brondolo,45.184464,12.278586
3353,Brondolo Dolfin,45.18734,12.279716
3354,Romea Dandolo,45.189803999999995,12.280364
3355,Romeai Civico 180,45.192463000000004,12.281384
3357,Pettorazza San Girolamo,45.134888000000004,11.984135
3359,Noale Valli,45.537613,12.059671
3361,Valsugana Bigolo,45.558453,12.061921
3363,Moniego Treviso Vecchia,45.563881,12.094026
3364,Scorze' Venezia,45.570213,12.109863
3365,Scorze' Venezia,45.569778,12.109753
3366,Rio San Martino,45.58913,12.110378
3367,Rio San Martino,45.589161,12.110514
3369,Tabina,45.609383,12.11134
3372,Scorze' Buonarroti,45.600193,12.111595
3374,Scorze' Gallese,45.592125,12.110795
3375,Borgoricco Croce Ruzza,45.534733,11.943693
3377,San Michele delle Badesse,45.536034,11.936860000000001
3378,Borgoricco Industriale,45.531563,11.963092
3380,Scorze' Da Vinci,45.595581,12.11105
3381,Sottomarina Isonzo,45.218899,12.293324
3382,Mogliano Municipio,45.561337,12.235728
3384,Maerne Guardi,45.520802,12.153378
3385,Maerne Guardi,45.520252,12.153614
3388,Noale Lancerotto,45.547005,12.078978
3389,Mirano Parini,45.49432,12.12754
3390,Mirano Parini,45.493893,12.127678
3398,Mira Mare Mediterraneo,45.433147,12.139717999999998
3401,Cavarzere Brondolini,45.144806,12.083382
3404,Triestina ulss 3,45.503983000000005,12.285963
3407,Oriago Romagna,45.453426,12.177616
3408,Mirano Ospedale,45.497856,12.11626
3409,Mirano Miranese,45.497921000000005,12.119098
3410,Mirano Treviso,45.498295,12.11895
3414,Vigonovo Centro,45.386417,12.007571
3415,Vigonovo,45.386414,12.007277
3416,Vigonovo 1 Maggio,45.389061,12.00504
3418,Vigonovo Roma,45.375751,12.006332
3421,Matteotti Celeseo,45.37125,12.0126
3423,Mira Municipio,45.433491,12.125757
3425,Calcroci,45.384964000000004,12.095297
3426,Calcroci,45.384997999999996,12.09605
3427,ProzzoloTogliatti,45.368813,12.092922999999999
3428,Gramsci Togliatti,45.368752,12.092888
3429,Adria Molinterran,45.05106,12.062583
3430,San Pietro Chiesa,45.115749,12.185537
3432,Dolo Civico 75,45.427647,12.105275
3433,Mira Albrizzi,45.431973,12.113667999999999
3434,MIra centro,45.433361,12.121996000000001
3435,Oriago Stazione,45.448948,12.166125
3436,Oriago Centro,45.451851,12.171876
3437,Adria Errmont,45.044585999999995,12.059816
3440,Adria Ospedale,45.048107,12.055657
3441,Adria Ospedale,45.04813,12.055812
3444,Baldin Cavanella,45.109417,12.245571
3446,Fiesso D'Artico Barbariga,45.412715999999996,12.017199
3447,Fiesso Barbariga,45.412655,12.017598
3448,Fiesso D'Artico Piove,45.418388,12.050804
3449,Fiesso Piove,45.418423,12.05337
3450,Gorzone Ca' Pasqua,45.183665999999995,12.242985000000001
3451,Mirano Colombo,45.495255,12.112058
3464,Salesiani Ferrarese,45.491184000000004,12.205716
3465,Agenzia  Entrate,45.469978000000005,12.210017
3466,Romea Centro Commerciale,45.187389,12.278474000000001
3475,Mogliano Tommasini,45.558361,12.269528999999999
3476,Mogliano Tommasini,45.558105,12.269232
3477,Padova Turazza,45.409061,11.903627
3480,Martellago Piazza Bertati,45.546009000000005,12.157515
3481,Mirano Scuole,45.49617,12.095824
3490,Spinea Martiri,45.492313,12.150464
3491,Sottomarina Milano,45.215336,12.292016
3492,Sottomarina Milano,45.215031,12.292194
3494,Sottomarina Centro Anzian,45.208572,12.292019
3495,Sottomarina Tirreno,45.208179,12.289858
3496,Sottomarina Ionio,45.205769000000004,12.296965
3498,Sottomarina Pisani,45.203484,12.298001
3499,Sottomarina Pegaso,45.201316999999996,12.299044
3500,Sottomarina Vega,45.199116,12.300149000000001
3501,Brondolo,45.184593,12.278825999999999
3502,Brondolo Foscarini,45.18161,12.279794
3503,Brondolo Foscarini,45.181744,12.279716
3504,Via dei Cantieri Cantiere,45.427792,12.257347
3505,Brondolo,45.184653999999995,12.278908
3511,Chioggia Campo Marconi,45.215195,12.276958
3529,Camponogara Arzerini,45.397614000000004,12.079631
3539,Mira Alfieri,45.435257,12.123080999999999
3541,Scaramuzza Gatta,45.533386,12.217827
3547,Scaramuzza Caprera,45.517006,12.212956
3553,Tito Castellana,45.51553,12.205134
3554,Tito Castellana,45.515583,12.204722
3561,Sottomarina Zeno,45.200607,12.292516
3562,Sottomarina Scuole,45.199222999999996,12.288345
3563,Corso del Popolo Municipi,45.219623999999996,12.279145
3564,Mogliano Centro,45.559334,12.234553
3566,Scorze' Moglianese,45.569148999999996,12.113660000000001
3567,Scorze' Moglianese,45.569187,12.113252000000001
3568,Pertini Carrer,45.485264,12.264924
3574,Pertini Foscari,45.491141999999996,12.269146000000001
3579,Mira Riviera,45.433975,12.132117
3580,Mira Riviera,45.43391,12.132208
3581,Cappelletta Casone,45.568138,12.060825999999999
3583,Tosatto Paccagnella,45.511131,12.229644
3588,Stazione MESTRE FS,45.48225,12.233928
3595,Martellago Fapanni,45.542831,12.156868
3596,Martellago Fapanni,45.542606,12.157611
3599,Roncoduro Industriale,45.450024,12.076792
3601,Mirano Matteottti,45.495144,12.09304
3602,Mirano Matteotti,45.494926,12.09323
3606,Borgo San Giovanni,45.207703,12.275684
3610,Olmo Pellico,45.516895,12.188858999999999
3611,Olmo Pellico,45.516739,12.188991
3612,Selvanese Pleiadi,45.515347,12.198830000000001
3613,Selvanese Pleiadi,45.514793,12.199503
3614,Visinoni Selvanese,45.507008,12.205826
3615,Visinoni Selvanese,45.507057,12.206266000000001
3617,Vigonovo Alfieri,45.405968,11.998612
3621,Rielta Parco Bissuola,45.502421999999996,12.260678
3623,Scorze' Roma,45.573689,12.106846
3624,Areoporto MARCO POLO,45.50441,12.339001
3625,Aeroporto MARCO POLO,45.50478,12.338963
3626,Aeroporto MARCO POLO,45.50502,12.33894
3629,Casona Vallenari,45.499603,12.26701
3630,Casona Vallenari,45.499531,12.26678
3631,Rielta Ca' Rossa,45.502235,12.255118
3644,Lova San Marco,45.326851,12.124589
3648,Azoto Sottana,45.468193,12.236047
3650,Martellago Ariosto,45.568119,12.154022
3651,Martellago Ariosto,45.56797,12.154191
3652,Cavarzere Bellina,45.131873999999996,12.066104
3653,Vallenari Stoppani,45.498562,12.268825999999999
3654,Vallenari Stoppani,45.498512,12.269062
3655,delle Messi Bissuola,45.494789000000004,12.268137
3661,Boscochiaro Liberazione,45.134308000000004,12.12182
3666,Zerman,45.579025,12.271363000000001
3667,Quarto d'Altino Zona Indu,45.582977,12.352371
4501,Klinger Presidio,45.425167,12.387987
4502,Klinger Rava,45.423527,12.385201
4503,San Nicolo' Cipro,45.424053,12.377303
4504,D'Annunzio Duodo,45.419216,12.380237
4505,D'Annunzio Pola,45.417770000000004,12.37898
4506,D'Annunzio Pola,45.417843,12.37923
4507,D'Annunzio Spiagge,45.415627,12.377144
4508,D'Annunzio Spiagge,45.416168,12.377778999999999
4511,Gran Viale,45.41597,12.372196
4512,Gran Viale,45.415951,12.371822
4514,San Nicolo' Aquileia,45.419773,12.374946000000001
4515,San Nicolo' Aquileia,45.420372,12.375385000000001
4516,San Nicolo' Marco Polo,45.42239,12.376612
4517,San Nicolo' Marco Polo,45.422264,12.376378
4518,San Nicolo' Cipro,45.424209999999995,12.377517
4520,Morandi Nicelli,45.427013,12.381078
4521,San Nicolo' Chiesa,45.428352000000004,12.380315
4522,Ospizio Marino Cimitero,45.422874,12.382676
4523,San Nicolo',45.430008,12.381871
4524,Santa Maria Elisabetta,45.41782,12.368981
4525,Santa Maria Elisabetta,45.417439,12.368489
4527,Ospizio Marino Cimitero,45.423306,12.383001
4528,Gallo Contarini,45.411617,12.36685
4529,Gallo Contarini,45.411201,12.3668
4530,Gallo Barbarigo,45.409149,12.365871
4531,Gallo Barbarigo,45.409649,12.366213
4532,Gallo Morosini,45.405518,12.363914999999999
4533,Gallo Morosini,45.405449,12.364061999999999
4534,Gallo Sant'Antonio,45.402733000000005,12.361842999999999
4535,Gallo Sant'Antonio,45.403084,12.362309
4536,Gallo Loredan,45.401276,12.360689
4537,Gallo Loredan,45.401508,12.361127999999999
4538,Gallo Torta,45.399082,12.359012
4539,Gallo Torta,45.399181,12.359373
4540,Colombo,45.398196999999996,12.3591
4541,Colombo,45.398159,12.359461999999999
4542,Marconi Coralli,45.398521,12.361918
4543,Marconi Coralli,45.39819,12.361495
4544,Marconi Loredan,45.40081,12.36355
4545,Marconi Loredan,45.400513000000004,12.363163
4548,Palazzo del Cinema,45.404827000000004,12.366968
4549,Palazzo del Cinema,45.405041,12.367017
4550,Marconi Marcello,45.408398,12.370925
4551,Marconi Marcello,45.407921,12.370271
4552,Marconi Fiume,45.410751,12.373083
4553,Marconi Fiume,45.410542,12.372727000000001
4554,Marconi Des Bains,45.413883,12.375796000000001
4555,Marconi Des Bains,45.413788000000004,12.37551
4556,Gallo Galoppatoio,45.397526,12.357835000000001
4557,Gallo Galoppatoio,45.397755,12.358266
4558,Gallo Biblioteca,45.396557,12.357137
4559,Gallo Biblioteca,45.396912,12.357586
4560,Gallo Dei Giunta,45.394833,12.35575
4561,Gallo Dei Giunta,45.394993,12.356108
4562,Gallo Dei Kirchmayer,45.39262,12.354024
4563,Gallo Dei Kirchmayer,45.392921,12.354503
4564,Gallo Giolito,45.390038,12.352178
4565,Malamocco Occhi,45.384689,12.347567999999999
4566,Malamocco Occhi,45.385985999999995,12.348969
4567,Malamocco Alvisopoli,45.382938,12.346194
4568,Malamocco Alvisopoli,45.383129,12.346588
4569,Malamocco Parri,45.37907,12.342971
4570,Malamocco Parri,45.379635,12.34373
4571,Malamocco Bassanello,45.374409,12.338575
4572,Malamocco Bassanello,45.374283,12.33865
4573,Malamocco Centro,45.371658000000004,12.336782000000001
4575,Malamocco Centro,45.372002,12.336955
4576,Malamocco Galla,45.366463,12.335216
4577,Malamocco Galla,45.367123,12.335716
4578,Alberoni Ottagono,45.360973,12.332125
4579,Alberoni Ottagono,45.361156,12.332352
4580,Alberoni Colonia Morosini,45.35844,12.329723
4581,Alberoni Colonia Morosini,45.358528,12.329983
4582,Alberoni San Camillo,45.35524,12.326879
4583,Alberoni San Camillo,45.355292999999996,12.327126
4584,Alberoni Stella Maris,45.352135,12.324330999999999
4585,Alberoni Stella Maris,45.352306,12.324622
4586,Alberoni Ca' Rossa,45.348988,12.319267
4587,Alberoni Ca' Rossa,45.348858,12.319654
4588,Faro Rocchetta,45.341511,12.309429
4589,Alberoni della Droma,45.347183,12.31828
4590,Alberoni della Droma,45.347282,12.318595
4591,Alberoni Golf,45.344803000000006,12.314596
4592,Alberoni Golf,45.344868,12.314900999999999
4593,Faro Rocchetta,45.341427,12.309233
4594,Faro Rocchetta,45.340919,12.309791
4595,Santa Maria Del Mare,45.332474,12.318125
4596,Santa Maria Del Mare,45.332535,12.318344999999999
4597,San Pietro Belvedere,45.323013,12.320028
4598,San Pietro Belvedere,45.323299,12.32029
4599,San Pietro Biblioteca,45.318851,12.317817999999999
4600,Dei Murazzi Di Botta,45.319019,12.31808
4601,SanPietro Calle Tardivi,45.314921999999996,12.315809
4602,SanPietro Calle Tardivi,45.315456,12.316178
4603,San Pietro Cimitero,45.31263,12.314828
4604,San Pietro Cimitero,45.3134,12.315275999999999
4605,Portosecco,45.310534999999994,12.314141000000001
4606,Portosecco,45.310909,12.314353
4607,Portosecco la Mara,45.301357,12.310891
4608,Portosecco la Mara,45.301598,12.311175
4609,Pellestrina Centro Ittico,45.297215,12.309402
4610,Pellestrina Centro Ittico,45.297973999999996,12.309777
4611,Pellestrina Pennello 10,45.290775,12.306867
4612,Pellestrina Pennello 10,45.2911,12.307086
4613,Pellestrina Piovini,45.286125,12.305267
4614,Pellestrina Piovini,45.28611,12.305382
4615,Pellestrina Sant'Antonio,45.282776,12.304142
4616,Pellestrina Sant'Antonio,45.282990000000005,12.304363
4617,Scuola Media Loredan,45.2799,12.303107
4618,Dei Murazzi Centro Civico,45.280102,12.303529
4619,Scuola Zendrini,45.275307,12.302208
4620,Dei Murazzi Scuola Elemen,45.275387,12.302474
4621,Madonna dell'Apparizione,45.272633,12.301752
4622,Madonna dell'Apparizione,45.272812,12.302169000000001
4623,Pellestrina Campo Stella,45.269112,12.301373
4624,Dei Murazzi Campo Stella,45.269245,12.301788
4625,Pellestrina Cimitero,45.262878,12.300303
4628,Santa Maria Elisabetta,45.416893,12.368805
4629,Gallo Bragadin,45.412682000000004,12.367222
4630,Gallo Bragadin,45.413222999999995,12.367536999999999
4631,Malamocco Stagnino,45.387177,12.349908000000001
4632,Malamocco Stagnino,45.386951,12.349558
4635,Piazzale Rava',45.423088,12.384969
4638,Pellestrina Tre Rose,45.266838,12.301488
4639,Pellestrina Tre Rose,45.266926,12.301721
4640,Alberoni Spiaggia,45.347214,12.326027
4641,Santa Maria Elisabetta,45.417770000000004,12.369102999999999
4644,D'Annunzio Duodo,45.4193,12.380477
4645,Klinger San Nicolo',45.426643,12.390814
4646,Klinger Presidio,45.425156,12.38766
4647,Gallo Giolito,45.389796999999994,12.351787
4650,Mogliano Buratti,45.572189,12.235341
4651,Mogliano Buratti,45.572418,12.234817
4653,Boschetta,45.580006,12.228727000000001
4654,Adria Marconi,45.058079,12.059772
4655,Adria Marconi,45.058132,12.059364
4656,Adria Fs,45.060417,12.052422
4657,Maerne Civico 83,45.534690999999995,12.146888
4658,Maerne Civico 83,45.535038,12.146359
4661,Portosecco Campi Sportivi,45.305878,12.312383
4662,Dei Murazzi Campo Sportiv,45.306084000000006,12.312571
4675,MESTRE CENTRO B6,45.493885,12.245727
4697,Miranese Marano FS,45.462662,12.118917
4726,Mira 25 Aprile,45.418053,12.152196
4738,Sansovino Vespucci,45.487251,12.25722
4745,Tosatto Paccagnella,45.510635,12.229648
4746,Mira Piscina,45.43708,12.146605000000001
4747,Bernini Pertini,45.435432,12.14412
4772,Mira Bernini,45.435165000000005,12.141762
4773,Mira Pertini,45.435333,12.143953999999999
4788,Boscochiaro 4 Novembre,45.137421,12.116710000000001
4794,Mogliano Meucci,45.556282,12.22908
4795,Mogliano Meucci,45.556736,12.229275999999999
4809,Spinea Piazza Marconi,45.489891,12.167588
4810,Spinea Roma,45.489956,12.169884
4811,Spinea Roma,45.489983,12.169703
4814,Spinea Sarpi,45.486465,12.167516
4823,Crea Civico 21,45.477790999999996,12.150016
4824,Spinea Centro Sportivo,45.487957,12.149321
4825,Spinea Centro Sportivo,45.487877000000005,12.149035000000001
4826,Spinea Taormina,45.488056,12.151726
4827,Spinea Taormina,45.488194,12.151013
4834,Martellago Trieste,45.538483,12.153155
4837,Mogliano FS,45.56147,12.233035000000001
4838,Zero Branco Via Scandolar,45.613815,12.112705
6001,Monte Celo Favaro,45.5061,12.29091
6002,Monte Celo Favaro,45.505962,12.290901
6003,Triestina Monte Cimon,45.505371000000004,12.286203
6004,Triestina Monte Cimon,45.505234,12.286029
6005,San Dona' Pastrello,45.504559,12.282135
6006,San Dona' Pastrello,45.504428999999995,12.282164999999999
6007,San Dona' Marmolada,45.503059,12.277483
6008,San Dona' Marmolada,45.50293,12.277532
6009,San Dona' Cervino,45.502525,12.274627
6010,San Dona' Cervino,45.50248,12.274713
6011,San Dona' Rielta,45.502666,12.271367
6013,San Dona' Pineta,45.503551,12.264941
6014,San Dona' Pineta,45.503189,12.266449
6015,San Dona' Pasqualigo,45.504295,12.262085
6016,San Dona' Pasqualigo,45.504082000000004,12.260742
6017,San Dona' Val Gardena,45.503765,12.257381
6018,San Dona' Val Gardena,45.503567,12.256568
6019,Ca' Rossa Serravalle,45.503063,12.254797
6020,Ca' Rossa Serravalle,45.502438,12.254828999999999
6021,Ca' Rossa Oberdan,45.500687,12.252535
6022,Ca' Rossa Oberdan,45.500633,12.252715
6023,Ca' Rossa Volturno,45.498089,12.249989999999999
6024,Ca' Rossa Volturno,45.498032,12.250107
6025,Ca' Rossa Bissuola,45.496101,12.248282000000001
6026,Ca' Rossa Bissuola,45.496052,12.248489999999999
6027,MESTRE CENTRO A1,45.493263,12.24542
6028,Lavelli Paolucci,45.479084,12.22564
6029,Olivi,45.491776,12.241684
6030,Olivi,45.491718,12.241858
6031,Cappuccina Villa ErizzoM9,45.490356,12.240447
6032,Cappuccina Villa ErizzoM9,45.490337,12.240765
6033,Cappuccina Bembo,45.486313,12.237763000000001
6034,Cappuccina Bembo,45.486271,12.237946
6035,Cappuccina Sernaglia,45.484688,12.236752000000001
6036,Cappuccina Sernaglia,45.484627,12.236967
6037,Sant'Antonio Municipio,45.476948,12.224798
6038,Piazza Mercato,45.473717,12.22349
6039,Rinascita Beccaria,45.469913,12.22231
6040,Rinascita Beccaria,45.469875,12.222557
6041,Cafasso Bottenigo,45.462311,12.219723
6048,Piazzale Giovanacci,45.479263,12.229527000000001
6049,Piazzale Giovanacci,45.479217999999996,12.229550999999999
6051,Piazza Mercato,45.473812,12.223796
6052,Sant'Antonio Municipio,45.476982,12.225003
6053,Lavelli Paolucci,45.479,12.225816
6054,Cafasso Bottenigo,45.46209,12.219728
6055,San Marco Manuzio,45.492458,12.248047999999999
6056,San Marco Manuzio,45.492542,12.248175999999999
6057,San Marco Cattaneo,45.490097,12.251361
6058,San Marco Cattaneo,45.4902,12.251501
6059,San Marco Musatti,45.488021999999994,12.253847
6060,San Marco Musatti,45.488087,12.254071000000001
6061,San Marco Sansovino,45.485096,12.256966
6062,San Marco Sansovino,45.485188,12.257202000000001
6063,San Marco Molmenti,45.48288,12.259509
6064,San Marco Molmenti,45.48296,12.259663
6065,San Marco Boerio,45.481281,12.261312
6066,San Marco Boerio,45.481369,12.261633999999999
6067,San Marco Forte Marghera,45.478317,12.265455000000001
6068,San Marco Forte Marghera,45.478428,12.265573
6069,Salamonio Marghera,45.465748,12.214721
6071,Orlanda San Giuliano,45.473492,12.268394
6072,Orlanda San Giuliano,45.473759,12.269105999999999
6073,Stazione Mestre FS,45.481922,12.234917
6074,Stazione Mestre FS,45.481861,12.235136
6075,Rinascita Emmer,45.465140999999996,12.220619000000001
6076,Rinascita Emmer,45.465164,12.220466
6080,MESTRE CENTRO A4,45.493237,12.245511
6081,MESTRE CENTRO A2,45.492588,12.245432000000001
6084,VENEZIA CORSIA C,45.437992,12.31911
6501,Torino,45.477131,12.255258999999999
8002,Ronzinella Fermata Di Ser,45.554584999999996,12.247976
8003,Ronzinella Fermata Di Ser,45.554398,12.247957000000001
8010,Martiri della Liberta' De,45.486813,12.27369
8029,Fisica Deposito via della,45.446026,12.207792
8040,D'Annunzio Deposito,45.416958,12.378319
8041,D'Annunzio Deposito,45.416862,12.378528
9019,Mostra del Cinema,45.408466,12.370252
9023,Mostra del Cinema,45.407314,12.368889
9026,Maerne FS,45.518566,12.152397
9040,Santa Maria Elisabetta,45.417564,12.368758999999999
